,"Treated P1",,"Treated P2",,"Treated P3",,"Untreated 1",,"Untreated 2",,"Untreated 3"
3201.7,-21.88315,3201.7,34.45909,3201.7,24.5121,3201.7,-66.42275,3201.7,-0.11233,3201.7,1.49064
3200.49,-18.07761,3200.49,26.90356,3200.49,18.82933,3200.49,-52.21627,3200.49,-1.14115,3200.49,0.56861
3199.28,-14.33143,3199.28,20.0685,3199.28,13.7827,3199.28,-39.25516,3199.28,-1.74974,3199.28,-0.0835
3198.07,-10.64461,3198.07,13.95389,3198.07,9.3722,3198.07,-27.53941,3198.07,-1.9381,3198.07,-0.46569
3196.86,-7.01716,3196.86,8.55973,3196.86,5.59782,3196.86,-17.06903,3196.86,-1.70622,3196.86,-0.57796
3195.65,-3.44908,3195.65,3.88604,3195.65,2.45958,3195.65,-7.84402,3195.65,-1.05411,3195.65,-0.4203
3194.44,0.05964,3194.44,-0.06719,3194.44,-0.04253,3194.44,0.13563,3194.44,0.01823,3194.44,0.00727
3193.23,3.50899,3193.23,-3.29997,3193.23,-1.90851,3193.23,6.86991,3193.23,1.5108,3193.23,0.70476
3192.02,6.89897,3192.02,-5.81228,3192.02,-3.13836,3192.02,12.35882,3192.02,3.4236,3192.02,1.67217
3190.8,10.24273,3190.8,-7.59253,3190.8,-3.7176,3190.8,16.6139,3190.8,5.76774,3190.8,2.92099
3189.59,13.51398,3189.59,-8.66393,3189.59,-3.67519,3189.59,19.61208,3189.59,8.521,3189.59,4.42824
3188.38,16.10561,3188.38,-5.7072,3188.38,9.87324,3188.38,25.65131,3188.38,10.43704,3188.38,0.61893
3187.17,10.96885,3187.17,-9.01815,3187.17,15.41733,3187.17,28.11039,3187.17,10.87867,3187.17,3.4689
3185.95,22.03401,3185.95,-11.89569,3185.95,10.40184,3185.95,23.25615,3185.95,19.23978,3185.95,3.71135
3184.74,28.01027,3184.74,-7.64489,3184.74,5.34362,3184.74,18.58859,3184.74,30.19096,3184.74,-1.14776
3183.53,27.25725,3183.53,0.66857,3183.53,10.89724,3183.53,19.14174,3183.53,41.42196,3183.53,4.88664
3182.31,22.755,3182.31,10.87685,3182.31,5.20783,3182.31,9.78558,3182.31,40.56324,3182.31,13.5632
3181.1,17.07809,3181.1,15.01316,3181.1,9.25679,3181.1,15.32939,3181.1,40.99226,3181.1,25.04076
3179.89,19.54336,3179.89,16.24502,3179.89,3.9068,3179.89,1.39042,3179.89,42.34407,3179.89,25.15944
3178.67,25.65028,3178.67,5.32259,3178.67,-1.51034,3178.67,-9.36669,3178.67,48.02118,3178.67,37.35394
3177.46,20.27662,3177.46,0.90159,3177.46,-9.13824,3177.46,-12.45219,3177.46,48.33637,3177.46,40.19314
3176.25,24.97528,3176.25,0.77144,3176.25,-16.53804,3176.25,-12.51705,3176.25,44.11563,3176.25,39.96163
3175.03,32.56507,3175.03,-6.28392,3175.03,-22.84089,3175.03,-20.17502,3175.03,43.3831,3175.03,35.60214
3173.82,33.95548,3173.82,1.94082,3173.82,-22.31452,3173.82,-10.47019,3173.82,40.26108,3173.82,38.92345
3172.6,31.47488,3172.6,3.81094,3172.6,-20.97291,3172.6,4.07275,3172.6,42.38588,3172.6,41.53385
3171.39,30.15651,3171.39,5.77439,3171.39,-28.03011,3171.39,16.02769,3171.39,43.74315,3171.39,47.25083
3170.17,24.5548,3170.17,16.3159,3170.17,-20.67245,3170.17,20.92906,3170.17,44.79335,3170.17,44.33428
3168.96,19.32873,3168.96,18.23773,3168.96,-26.39183,3168.96,24.29533,3168.96,40.94967,3168.96,40.1622
3167.74,18.5249,3167.74,24.8918,3167.74,-28.30733,3167.74,26.45617,3167.74,39.46267,3167.74,43.26821
3166.52,32.27153,3166.52,23.41992,3166.52,-21.67298,3166.52,22.09733,3166.52,33.35987,3166.52,37.98713
3165.31,35.26825,3165.31,28.22461,3165.31,-15.75771,3165.31,35.00547,3165.31,31.7063,3165.31,41.91979
3164.09,43.99103,3164.09,30.96849,3164.09,-11.91234,3164.09,34.83876,3164.09,34.54631,3164.09,53.31364
3162.88,49.69691,3162.88,36.11671,3162.88,-22.57792,3162.88,37.24343,3162.88,35.06935,3162.88,64.05357
3161.66,62.81301,3161.66,38.18667,3161.66,-22.3455,3161.66,36.48782,3161.66,42.51063,3161.66,64.81552
3160.44,67.72422,3160.44,44.50608,3160.44,-20.87894,3160.44,40.7591,3160.44,47.81613,3160.44,64.505
3159.22,56.63428,3159.22,37.23056,3159.22,-19.82181,3159.22,35.08667,3159.22,38.2572,3159.22,77.80811
3158.01,50.80051,3158.01,37.07334,3158.01,-19.11748,3158.01,33.81569,3158.01,43.70649,3158.01,72.0307
3156.79,55.09234,3156.79,34.53104,3156.79,-13.66757,3156.79,38.73765,3156.79,58.97044,3156.79,87.09832
3155.57,63.66812,3155.57,30.4053,3155.57,-10.77648,3155.57,20.04332,3155.57,79.8696,3155.57,85.88353
3154.35,70.51496,3154.35,35.96095,3154.35,-9.22823,3154.35,27.0581,3154.35,85.48818,3154.35,90.43725
3153.14,67.44771,3153.14,42.7657,3153.14,-12.67872,3153.14,36.85786,3153.14,90.90933,3153.14,83.26663
3151.92,76.45016,3151.92,46.12997,3151.92,-12.06877,3151.92,43.76097,3151.92,91.42687,3151.92,84.94485
3150.7,72.99416,3150.7,50.28853,3150.7,-6.58592,3150.7,43.08995,3150.7,96.73781,3150.7,100.74173
3149.48,67.3311,3149.48,53.36838,3149.48,10.8219,3149.48,47.90653,3149.48,89.29206,3149.48,107.42151
3148.26,68.62004,3148.26,62.02309,3148.26,26.15391,3148.26,43.95774,3148.26,92.90507,3148.26,117.5354
3147.04,66.72728,3147.04,65.24341,3147.04,23.16619,3147.04,42.68882,3147.04,94.36236,3147.04,120.20305
3145.82,66.09681,3145.82,73.76913,3145.82,34.85711,3145.82,42.15685,3145.82,93.73893,3145.82,115.94962
3144.6,65.40859,3144.6,73.71661,3144.6,31.89087,3144.6,38.61038,3144.6,83.46795,3144.6,123.16171
3143.38,63.63425,3143.38,84.09038,3143.38,41.6205,3143.38,51.79128,3143.38,90.61888,3143.38,131.71589
3142.16,65.90958,3142.16,83.9706,3142.16,49.77519,3142.16,54.28273,3142.16,85.65492,3142.16,150.196
3140.94,54.41103,3140.94,88.18214,3140.94,56.01915,3140.94,64.02773,3140.94,73.20828,3140.94,165.69862
3139.72,41.12244,3139.72,92.36751,3139.72,55.82115,3139.72,69.71418,3139.72,71.60233,3139.72,174.18856
3138.5,39.69293,3138.5,87.45074,3138.5,42.8481,3138.5,73.9124,3138.5,67.98819,3138.5,177.4897
3137.28,31.69321,3137.28,82.89814,3137.28,40.96364,3137.28,83.60696,3137.28,56.90202,3137.28,178.38069
3136.06,31.70599,3136.06,87.01728,3136.06,24.25118,3136.06,91.31483,3136.06,51.88857,3136.06,186.12974
3134.84,23.05476,3134.84,76.39716,3134.84,18.51245,3134.84,94.89731,3134.84,47.12596,3134.84,187.4912
3133.62,33.11469,3133.62,78.0143,3133.62,6.93283,3133.62,103.8823,3133.62,57.46177,3133.62,187.14991
3132.4,37.73143,3132.4,81.67081,3132.4,5.46451,3132.4,107.78892,3132.4,68.1012,3132.4,196.70675
3131.17,40.02833,3131.17,81.48815,3131.17,4.20432,3131.17,110.74785,3131.17,77.23142,3131.17,188.01995
3129.95,40.42198,3129.95,86.67586,3129.95,-10.74901,3129.95,121.1625,3129.95,71.4423,3129.95,196.55828
3128.73,44.41808,3128.73,87.16277,3128.73,-21.20716,3128.73,135.86974,3128.73,74.49876,3128.73,196.38357
3127.51,58.90847,3127.51,87.79512,3127.51,-21.39697,3127.51,143.98447,3127.51,79.46467,3127.51,202.49108
3126.28,69.01672,3126.28,88.37887,3126.28,-16.63098,3126.28,149.35877,3126.28,92.12374,3126.28,212.60082
3125.06,83.35346,3125.06,87.34579,3125.06,-5.21666,3125.06,155.94395,3125.06,91.34618,3125.06,224.6868
3123.84,98.74199,3123.84,94.25013,3123.84,-4.1892,3123.84,158.07697,3123.84,99.56873,3123.84,237.55384
3122.61,104.56239,3122.61,86.21179,3122.61,-2.79248,3122.61,162.67569,3122.61,103.26667,3122.61,244.77589
3121.39,111.56946,3121.39,87.55226,3121.39,17.12596,3121.39,165.1634,3121.39,112.18523,3121.39,263.67971
3120.17,130.76121,3120.17,86.28415,3120.17,24.9229,3120.17,178.42795,3120.17,116.6018,3120.17,284.06104
3118.94,132.3815,3118.94,91.4269,3118.94,40.21767,3118.94,189.8103,3118.94,133.17865,3118.94,301.45684
3117.72,133.33555,3117.72,103.73929,3117.72,49.64177,3117.72,188.44407,3117.72,132.84583,3117.72,331.97962
3116.5,133.46069,3116.5,102.39441,3116.5,50.60658,3116.5,198.04866,3116.5,140.90469,3116.5,345.85101
3115.27,128.08965,3115.27,109.34593,3115.27,47.71765,3115.27,211.17946,3115.27,154.36498,3115.27,365.11043
3114.05,131.71401,3114.05,106.73188,3114.05,48.61159,3114.05,212.2498,3114.05,161.56754,3114.05,388.01233
3112.82,130.84624,3112.82,111.27429,3112.82,52.05932,3112.82,229.05806,3112.82,168.6946,3112.82,407.59069
3111.6,134.95185,3111.6,108.66552,3111.6,50.06787,3111.6,233.6049,3111.6,181.12013,3111.6,427.37687
3110.37,132.29897,3110.37,100.46306,3110.37,55.31252,3110.37,229.69371,3110.37,185.32425,3110.37,439.39307
3109.14,136.81498,3109.14,103.6481,3109.14,51.15353,3109.14,221.17527,3109.14,195.84528,3109.14,459.81876
3107.92,131.18049,3107.92,108.99537,3107.92,61.70483,3107.92,227.34647,3107.92,200.88364,3107.92,471.53876
3106.69,127.23566,3106.69,116.59582,3106.69,52.53665,3106.69,225.86352,3106.69,208.7996,3106.69,481.46274
3105.47,130.26277,3105.47,122.99219,3105.47,40.81466,3105.47,226.55914,3105.47,211.73466,3105.47,498.7774
3104.24,138.89064,3104.24,131.08483,3104.24,35.08876,3104.24,239.02383,3104.24,218.47463,3104.24,504.46989
3103.01,151.08077,3103.01,132.97962,3103.01,36.5068,3103.01,238.72991,3103.01,229.46823,3103.01,516.49895
3101.79,159.66585,3101.79,134.31017,3101.79,30.95132,3101.79,248.89555,3101.79,243.23405,3101.79,530.22086
3100.56,166.94453,3100.56,139.27952,3100.56,29.12676,3100.56,250.42009,3100.56,242.85649,3100.56,548.00564
3099.33,173.66797,3099.33,124.85272,3099.33,25.25066,3099.33,242.27384,3099.33,248.06035,3099.33,554.12087
3098.11,167.67668,3098.11,105.91862,3098.11,22.05654,3098.11,232.38671,3098.11,233.70107,3098.11,560.64973
3096.88,161.75345,3096.88,91.95304,3096.88,13.43084,3096.88,227.10654,3096.88,182.17706,3096.88,557.05023
3095.65,174.89926,3095.65,100.63394,3095.65,11.35982,3095.65,228.84723,3095.65,119.17573,3095.65,546.55536
3094.42,182.76863,3094.42,127.07776,3094.42,17.58122,3094.42,231.43015,3094.42,200.46255,3094.42,554.43963
3093.19,206.16708,3093.19,168.67324,3093.19,36.00763,3093.19,237.70752,3093.19,332.80807,3093.19,584.04818
3091.96,238.9827,3091.96,198.99415,3091.96,49.97153,3091.96,248.87085,3091.96,464.40858,3091.96,611.51248
3090.74,272.23486,3090.74,236.66051,3090.74,77.36306,3090.74,258.55506,3090.74,579.93891,3090.74,636.15134
3089.51,299.68591,3089.51,260.23967,3089.51,101.41133,3089.51,262.66106,3089.51,675.55056,3089.51,654.08521
3088.28,321.5887,3088.28,283.87175,3088.28,122.63986,3088.28,275.23646,3088.28,743.15991,3088.28,663.00585
3087.05,325.9027,3087.05,307.17417,3087.05,134.80691,3087.05,278.37836,3087.05,793.71716,3087.05,662.48292
3085.82,328.7694,3085.82,323.8325,3085.82,148.95011,3085.82,273.84843,3085.82,822.44095,3085.82,651.10011
3084.59,327.44711,3084.59,333.18844,3084.59,153.51024,3084.59,268.85337,3084.59,836.91115,3084.59,625.65357
3083.36,316.06232,3083.36,329.80057,3083.36,162.25671,3083.36,272.33043,3083.36,829.31157,3083.36,598.24878
3082.13,297.83211,3082.13,327.72274,3082.13,156.6354,3082.13,257.3629,3082.13,808.54725,3082.13,564.33778
3080.9,280.5439,3080.9,311.47812,3080.9,154.99872,3080.9,249.3655,3080.9,759.26982,3080.9,529.01843
3079.67,261.1415,3079.67,287.49361,3079.67,139.00852,3079.67,236.95184,3079.67,691.70985,3079.67,491.6749
3078.44,234.02767,3078.44,262.87334,3078.44,121.2609,3078.44,220.14101,3078.44,615.74802,3078.44,448.88848
3077.21,202.0221,3077.21,222.62947,3077.21,106.8289,3077.21,200.41372,3077.21,520.23546,3077.21,405.82387
3075.98,157.57532,3075.98,181.05397,3075.98,83.83098,3075.98,177.19196,3075.98,403.75635,3075.98,359.18944
3074.74,111.2462,3074.74,129.10091,3074.74,59.52457,3074.74,146.74517,3074.74,278.32345,3074.74,304.01668
3073.51,67.62714,3073.51,87.7578,3073.51,31.9466,3073.51,124.58097,3073.51,136.15902,3073.51,256.77161
3072.28,39.57903,3072.28,62.24901,3072.28,23.39319,3072.28,101.19978,3072.28,13.54911,3072.28,214.93386
3071.05,31.25682,3071.05,55.55606,3071.05,22.97216,3071.05,87.69874,3071.05,-15.40957,3071.05,189.6301
3069.82,28.73901,3069.82,67.82543,3069.82,20.96343,3069.82,85.07696,3069.82,70.53997,3069.82,180.97787
3068.58,37.70578,3068.58,77.77975,3068.58,17.85968,3068.58,84.40312,3068.58,114.61531,3068.58,193.25039
3067.35,55.06906,3067.35,72.00062,3067.35,14.58564,3067.35,84.08595,3067.35,118.8053,3067.35,184.80635
3066.12,53.53884,3066.12,70.18027,3066.12,15.77919,3066.12,78.98717,3066.12,113.68463,3066.12,173.07968
3064.89,48.29461,3064.89,80.86953,3064.89,10.87772,3064.89,81.96082,3064.89,104.01983,3064.89,161.51559
3063.65,45.4094,3063.65,96.58357,3063.65,-1.43347,3063.65,79.0203,3063.65,105.19017,3063.65,152.56246
3062.42,44.39259,3062.42,113.36758,3062.42,-4.28185,3062.42,73.72072,3062.42,113.57844,3062.42,145.47112
3061.19,33.14102,3061.19,111.57972,3061.19,-2.69245,3061.19,65.86905,3061.19,114.0263,3061.19,129.32313
3059.95,37.57614,3059.95,113.57608,3059.95,-2.80473,3059.95,64.63763,3059.95,113.59293,3059.95,121.90096
3058.72,39.83561,3058.72,120.04484,3058.72,0.45424,3058.72,65.67143,3058.72,112.39086,3058.72,112.35966
3057.48,40.46857,3057.48,118.91095,3057.48,-0.65344,3057.48,62.31848,3057.48,113.06811,3057.48,105.98861
3056.25,40.32621,3056.25,114.82065,3056.25,-9.63477,3056.25,55.51244,3056.25,105.21156,3056.25,99.54884
3055.01,41.89394,3055.01,115.25004,3055.01,-18.31048,3055.01,45.19321,3055.01,96.4406,3055.01,96.61747
3053.78,35.77929,3053.78,106.50403,3053.78,-26.65807,3053.78,38.38431,3053.78,85.26707,3053.78,93.71278
3052.54,36.64542,3052.54,101.17628,3052.54,-27.9464,3052.54,34.15938,3052.54,80.05477,3052.54,92.26182
3051.31,25.69672,3051.31,98.27114,3051.31,-26.57205,3051.31,33.10526,3051.31,78.065,3051.31,84.52357
3050.07,31.37988,3050.07,97.18676,3050.07,-24.52263,3050.07,27.55494,3050.07,73.48424,3050.07,67.50254
3048.84,27.32094,3048.84,88.17148,3048.84,-22.07834,3048.84,26.99825,3048.84,65.13878,3048.84,60.08597
3047.6,26.50815,3047.6,83.02423,3047.6,-9.24112,3047.6,16.02368,3047.6,62.65682,3047.6,47.93126
3046.36,21.3269,3046.36,79.53896,3046.36,-0.60322,3046.36,17.5239,3046.36,57.00166,3046.36,35.58447
3045.13,26.00736,3045.13,80.98044,3045.13,-2.53607,3045.13,18.94564,3045.13,45.75865,3045.13,29.65479
3043.89,28.18553,3043.89,69.25275,3043.89,-1.68932,3043.89,26.12646,3043.89,42.75363,3043.89,20.57399
3042.65,31.89559,3042.65,66.83639,3042.65,1.3043,3042.65,15.26844,3042.65,35.84816,3042.65,3.10544
3041.42,22.9992,3041.42,71.1111,3041.42,2.23605,3041.42,5.52294,3041.42,32.90063,3041.42,-11.64524
3040.18,19.23147,3040.18,77.74619,3040.18,2.82779,3040.18,7.95299,3040.18,40.1819,3040.18,-15.05566
3038.94,14.44208,3038.94,80.53539,3038.94,-5.70363,3038.94,4.98775,3038.94,46.28387,3038.94,-8.18636
3037.71,18.09383,3037.71,81.68575,3037.71,3.64857,3037.71,7.81674,3037.71,47.32298,3037.71,-6.592
3036.47,12.91807,3036.47,71.39471,3036.47,-5.76877,3036.47,6.19712,3036.47,47.11895,3036.47,-12.08498
3035.23,20.86764,3035.23,75.81081,3035.23,-12.91071,3035.23,12.74654,3035.23,45.92901,3035.23,-7.5914
3033.99,24.30315,3033.99,74.62769,3033.99,-17.07716,3033.99,18.22448,3033.99,46.16148,3033.99,-8.04207
3032.75,24.08438,3032.75,68.22661,3032.75,-28.68308,3032.75,15.93335,3032.75,41.68351,3032.75,-2.19168
3031.51,20.99157,3031.51,70.28406,3031.51,-36.70921,3031.51,15.97941,3031.51,41.55543,3031.51,2.46228
3030.27,26.06001,3030.27,70.06036,3030.27,-39.28905,3030.27,26.90291,3030.27,34.2494,3030.27,7.46169
3029.04,23.27914,3029.04,64.34968,3029.04,-47.28436,3029.04,33.65203,3029.04,22.96537,3029.04,4.11588
3027.8,30.21804,3027.8,70.54291,3027.8,-50.28214,3027.8,43.26711,3027.8,32.76428,3027.8,-7.30824
3026.56,30.89426,3026.56,68.6729,3026.56,-42.75041,3026.56,43.35769,3026.56,30.47942,3026.56,-7.92525
3025.32,40.3817,3025.32,74.29014,3025.32,-42.5026,3025.32,44.22829,3025.32,23.91782,3025.32,-20.70035
3024.08,37.35709,3024.08,67.65498,3024.08,-37.82596,3024.08,45.41095,3024.08,19.90006,3024.08,-23.4863
3022.84,40.06966,3022.84,67.42904,3022.84,-36.37299,3022.84,44.47007,3022.84,17.80898,3022.84,-19.43291
3021.6,37.46135,3021.6,64.27697,3021.6,-28.23923,3021.6,45.29921,3021.6,17.81053,3021.6,-17.2607
3020.36,31.40275,3020.36,62.43828,3020.36,-28.55855,3020.36,43.97422,3020.36,21.6577,3020.36,-17.53581
3019.11,31.00299,3019.11,59.49516,3019.11,-20.92904,3019.11,43.65371,3019.11,26.92806,3019.11,-24.3635
3017.87,25.38173,3017.87,67.73197,3017.87,-18.89968,3017.87,33.47334,3017.87,32.2576,3017.87,-24.46882
3016.63,11.11547,3016.63,70.05025,3016.63,-12.43111,3016.63,26.18983,3016.63,37.12533,3016.63,-30.53704
3015.39,4.62803,3015.39,68.39646,3015.39,-10.88957,3015.39,26.79101,3015.39,42.11943,3015.39,-25.41107
3014.15,8.47851,3014.15,73.04756,3014.15,-7.64265,3014.15,23.71654,3014.15,35.1553,3014.15,-27.70181
3012.91,12.67349,3012.91,72.05807,3012.91,-2.27541,3012.91,24.14424,3012.91,36.68592,3012.91,-34.5408
3011.67,7.83056,3011.67,67.53359,3011.67,-2.32537,3011.67,19.73936,3011.67,40.33955,3011.67,-36.04319
3010.42,1.8965,3010.42,69.10203,3010.42,2.29517,3010.42,26.91756,3010.42,39.33089,3010.42,-34.50929
3009.18,1.13877,3009.18,68.10814,3009.18,9.17213,3009.18,19.60572,3009.18,38.65934,3009.18,-32.8309
3007.94,-3.81664,3007.94,69.51123,3007.94,2.85105,3007.94,10.94095,3007.94,33.50004,3007.94,-31.86916
3006.69,-0.96234,3006.69,68.69206,3006.69,5.22546,3006.69,13.18887,3006.69,32.44411,3006.69,-27.72424
3005.45,3.21581,3005.45,72.61996,3005.45,-1.74868,3005.45,16.47795,3005.45,25.6066,3005.45,-30.19352
3004.21,-1.24671,3004.21,78.47538,3004.21,-5.88965,3004.21,10.90516,3004.21,12.97481,3004.21,-35.12444
3002.96,4.21103,3002.96,81.77877,3002.96,-6.63748,3002.96,14.08201,3002.96,18.96265,3002.96,-35.74489
3001.72,2.59826,3001.72,76.28016,3001.72,-2.56232,3001.72,11.527,3001.72,19.20536,3001.72,-28.59786
3000.48,4.22236,3000.48,80.17827,3000.48,-3.81979,3000.48,16.56232,3000.48,7.93755,3000.48,-24.08887
2999.23,-4.76131,2999.23,77.3121,2999.23,-7.56098,2999.23,18.35289,2999.23,14.58216,2999.23,-12.95304
2997.99,-11.19206,2997.99,76.11544,2997.99,-18.89335,2997.99,16.73671,2997.99,23.67891,2997.99,4.23823
2996.74,-19.79802,2996.74,82.27115,2996.74,-16.33714,2996.74,13.67798,2996.74,34.9375,2996.74,-1.36942
2995.5,-21.2156,2995.5,89.33508,2995.5,-13.15918,2995.5,13.59457,2995.5,37.21231,2995.5,-0.64479
2994.25,-13.5746,2994.25,91.05954,2994.25,-11.40179,2994.25,12.60341,2994.25,45.21834,2994.25,1.7165
2993.01,-8.95529,2993.01,93.26445,2993.01,-12.90902,2993.01,1.59628,2993.01,57.1341,2993.01,-2.71338
2991.76,-10.53,2991.76,94.98539,2991.76,-5.29821,2991.76,2.64711,2991.76,64.22946,2991.76,-11.09498
2990.52,-0.57331,2990.52,88.13518,2990.52,0.87534,2990.52,6.45229,2990.52,69.04482,2990.52,-12.68759
2989.27,3.89293,2989.27,92.1124,2989.27,9.97662,2989.27,11.08556,2989.27,78.66446,2989.27,-17.19665
2988.03,13.18631,2988.03,90.91695,2988.03,15.56858,2988.03,8.77254,2988.03,92.24015,2988.03,-17.60541
2986.78,17.67982,2986.78,89.89106,2986.78,13.92646,2986.78,11.47666,2986.78,102.50392,2986.78,-17.30518
2985.53,26.90831,2985.53,97.14796,2985.53,14.25119,2985.53,13.08785,2985.53,108.38888,2985.53,-20.30499
2984.29,35.84624,2984.29,94.49168,2984.29,16.32908,2984.29,4.90809,2984.29,102.19059,2984.29,-21.86876
2983.04,36.2356,2983.04,98.05048,2983.04,11.57753,2983.04,7.60728,2983.04,98.02628,2983.04,-24.21059
2981.79,48.66635,2981.79,102.79976,2981.79,14.4098,2981.79,13.47,2981.79,94.00805,2981.79,-22.83164
2980.54,51.16514,2980.54,108.30214,2980.54,10.61967,2980.54,15.0537,2980.54,98.15853,2980.54,-27.05281
2979.3,52.62724,2979.3,106.41301,2979.3,12.54604,2979.3,17.54153,2979.3,95.82655,2979.3,-26.75503
2978.05,50.45245,2978.05,97.50657,2978.05,16.65656,2978.05,30.40239,2978.05,100.49322,2978.05,-22.78771
2976.8,56.48323,2976.8,92.56607,2976.8,24.87748,2976.8,42.37859,2976.8,99.28163,2976.8,-20.80598
2975.55,60.39238,2975.55,103.5887,2975.55,20.04756,2975.55,52.31734,2975.55,91.37084,2975.55,-10.34333
2974.3,59.1947,2974.3,109.51754,2974.3,15.80948,2974.3,58.35633,2974.3,93.42851,2974.3,-5.12796
2973.06,57.98025,2973.06,110.32477,2973.06,2.72387,2973.06,65.70297,2973.06,91.69389,2973.06,-2.87637
2971.81,58.30128,2971.81,121.80934,2971.81,5.91003,2971.81,73.82459,2971.81,85.76502,2971.81,-13.2316
2970.56,57.17373,2970.56,121.89879,2970.56,9.40854,2970.56,79.10095,2970.56,79.23126,2970.56,-3.79474
2969.31,58.18596,2969.31,119.64663,2969.31,14.46503,2969.31,78.65646,2969.31,78.32673,2969.31,-0.46155
2968.06,58.80407,2968.06,116.15138,2968.06,21.74313,2968.06,72.13387,2968.06,77.6509,2968.06,2.50917
2966.81,57.96319,2966.81,118.32715,2966.81,24.12305,2966.81,77.48999,2966.81,81.11674,2966.81,1.49782
2965.56,56.42963,2965.56,116.06199,2965.56,22.5924,2965.56,75.0891,2965.56,86.16159,2965.56,4.20951
2964.31,54.14092,2964.31,129.02758,2964.31,20.41185,2964.31,77.03955,2964.31,90.93459,2964.31,8.91416
2963.06,52.92483,2963.06,135.87205,2963.06,21.65504,2963.06,73.45409,2963.06,92.60932,2963.06,3.93371
2961.81,46.49285,2961.81,142.91579,2961.81,17.40603,2961.81,69.86618,2961.81,89.76189,2961.81,4.8576
2960.56,53.03293,2960.56,150.41808,2960.56,17.11935,2960.56,68.35074,2960.56,85.22682,2960.56,-1.62162
2959.31,49.46687,2959.31,147.35557,2959.31,17.75253,2959.31,63.8988,2959.31,71.92944,2959.31,-1.60592
2958.06,52.37891,2958.06,152.37549,2958.06,30.06404,2958.06,66.50238,2958.06,77.63477,2958.06,-2.95544
2956.8,63.65055,2956.8,154.9801,2956.8,33.31086,2956.8,71.70002,2956.8,83.20591,2956.8,5.31531
2955.55,67.81532,2955.55,148.87101,2955.55,35.63777,2955.55,72.10494,2955.55,96.37752,2955.55,4.97715
2954.3,75.65631,2954.3,144.39305,2954.3,51.76213,2954.3,75.7533,2954.3,105.63355,2954.3,9.74401
2953.05,85.40903,2953.05,148.70909,2953.05,56.11015,2953.05,80.35365,2953.05,104.50462,2953.05,11.48293
2951.8,100.29081,2951.8,155.90996,2951.8,62.22693,2951.8,86.8307,2951.8,105.629,2951.8,12.03327
2950.54,108.85092,2950.54,163.9927,2950.54,51.50188,2950.54,93.02539,2950.54,112.78737,2950.54,18.03186
2949.29,115.49299,2949.29,173.34642,2949.29,38.96876,2949.29,95.16146,2949.29,107.74389,2949.29,14.09595
2948.04,116.65655,2948.04,181.03534,2948.04,36.47599,2948.04,98.27689,2948.04,103.79902,2948.04,9.69112
2946.78,122.26016,2946.78,193.36721,2946.78,44.81294,2946.78,103.46326,2946.78,102.76647,2946.78,4.08246
2945.53,111.3397,2945.53,192.55768,2945.53,53.54683,2945.53,99.6555,2945.53,100.99549,2945.53,3.32028
2944.28,113.0611,2944.28,197.96901,2944.28,53.48543,2944.28,90.89044,2944.28,104.29691,2944.28,-2.42432
2943.02,113.51381,2943.02,203.35941,2943.02,57.98199,2943.02,86.81852,2943.02,106.69599,2943.02,-1.37236
2941.77,115.54943,2941.77,206.71404,2941.77,59.49255,2941.77,93.32778,2941.77,113.57991,2941.77,-0.38413
2940.52,110.17167,2940.52,218.39905,2940.52,64.9982,2940.52,97.81354,2940.52,116.78345,2940.52,-1.8096
2939.26,109.0171,2939.26,234.30782,2939.26,67.27392,2939.26,98.40578,2939.26,116.95112,2939.26,11.48087
2938.01,97.97719,2938.01,239.82013,2938.01,80.12686,2938.01,95.15059,2938.01,114.25888,2938.01,2.50991
2936.75,90.65109,2936.75,240.54185,2936.75,77.67101,2936.75,83.57349,2936.75,111.40459,2936.75,11.19892
2935.5,91.13104,2935.5,245.67788,2935.5,74.99139,2935.5,86.58603,2935.5,115.02176,2935.5,15.87441
2934.24,85.06728,2934.24,246.00349,2934.24,81.05054,2934.24,87.25938,2934.24,124.44875,2934.24,22.58517
2932.99,87.64283,2932.99,239.91992,2932.99,89.23661,2932.99,88.63794,2932.99,132.59553,2932.99,27.10105
2931.73,84.88054,2931.73,239.7472,2931.73,85.43856,2931.73,90.04308,2931.73,135.25036,2931.73,35.87087
2930.47,83.30409,2930.47,228.98794,2930.47,82.79471,2930.47,81.9356,2930.47,145.90717,2930.47,40.27844
2929.22,89.90921,2929.22,230.63164,2929.22,89.56722,2929.22,71.22371,2929.22,148.38099,2929.22,47.84232
2927.96,92.59236,2927.96,233.07362,2927.96,78.95496,2927.96,70.97646,2927.96,147.72939,2927.96,53.96045
2926.71,95.13594,2926.71,226.72033,2926.71,77.08484,2926.71,73.11422,2926.71,151.04263,2926.71,58.82776
2925.45,103.64304,2925.45,227.15004,2925.45,63.37749,2925.45,75.24655,2925.45,152.53199,2925.45,61.049
2924.19,112.32673,2924.19,226.96465,2924.19,57.74434,2924.19,73.12744,2924.19,147.94717,2924.19,53.83592
2922.93,121.60194,2922.93,221.72789,2922.93,58.84077,2922.93,78.44036,2922.93,143.6297,2922.93,53.68061
2921.68,128.32318,2921.68,212.63783,2921.68,51.04115,2921.68,79.67691,2921.68,142.14307,2921.68,50.45229
2920.42,124.32626,2920.42,201.48403,2920.42,45.25305,2920.42,80.22643,2920.42,141.38405,2920.42,51.49353
2919.16,136.31169,2919.16,206.03101,2919.16,37.09702,2919.16,83.99415,2919.16,141.84424,2919.16,47.22583
2917.9,141.21619,2917.9,196.90335,2917.9,42.52728,2917.9,89.66518,2917.9,142.12973,2917.9,56.04457
2916.65,145.73941,2916.65,198.88262,2916.65,50.56323,2916.65,92.35514,2916.65,140.94459,2916.65,58.94035
2915.39,149.72903,2915.39,206.76889,2915.39,47.95717,2915.39,93.51379,2915.39,144.18313,2915.39,53.41112
2914.13,149.69403,2914.13,206.01052,2914.13,51.42396,2914.13,95.73785,2914.13,144.95458,2914.13,55.22256
2912.87,142.58808,2912.87,201.75342,2912.87,56.206,2912.87,99.85576,2912.87,141.97063,2912.87,41.91098
2911.61,137.67959,2911.61,207.62999,2911.61,40.73383,2911.61,103.41764,2911.61,141.4877,2911.61,53.39616
2910.35,137.27842,2910.35,217.30041,2910.35,46.94381,2910.35,104.60157,2910.35,143.93395,2910.35,47.20252
2909.09,131.29511,2909.09,223.85692,2909.09,54.38819,2909.09,108.49336,2909.09,152.04993,2909.09,48.67905
2907.83,125.3424,2907.83,227.54874,2907.83,59.22123,2907.83,106.10742,2907.83,155.56914,2907.83,41.23185
2906.57,120.03289,2906.57,231.67424,2906.57,61.92491,2906.57,98.04561,2906.57,163.19121,2906.57,37.62432
2905.31,114.19665,2905.31,227.97004,2905.31,57.92765,2905.31,91.07406,2905.31,168.76698,2905.31,41.53424
2904.05,107.17684,2904.05,232.59152,2904.05,70.21091,2904.05,84.39296,2904.05,159.88458,2904.05,38.90049
2902.79,96.64914,2902.79,231.44528,2902.79,76.80564,2902.79,84.17811,2902.79,159.24011,2902.79,39.2244
2901.53,93.72675,2901.53,231.55286,2901.53,83.59181,2901.53,71.79268,2901.53,154.30412,2901.53,43.75382
2900.27,92.30227,2900.27,230.02194,2900.27,86.02855,2900.27,70.9665,2900.27,154.25959,2900.27,48.56401
2899.01,91.30632,2899.01,234.06207,2899.01,87.91391,2899.01,64.5469,2899.01,155.61146,2899.01,44.97778
2897.75,90.13389,2897.75,229.8441,2897.75,84.49651,2897.75,63.13163,2897.75,155.12603,2897.75,44.03687
2896.48,80.17494,2896.48,223.33221,2896.48,80.77784,2896.48,56.90091,2896.48,156.69905,2896.48,47.13808
2895.22,71.57208,2895.22,218.77213,2895.22,72.58778,2895.22,56.65336,2895.22,154.89937,2895.22,52.9044
2893.96,68.28723,2893.96,218.91101,2893.96,62.39306,2893.96,54.66788,2893.96,147.5046,2893.96,51.85667
2892.7,64.79726,2892.7,206.23989,2892.7,60.60246,2892.7,44.15542,2892.7,143.75826,2892.7,57.01003
2891.43,61.74983,2891.43,206.48284,2891.43,55.84172,2891.43,46.86591,2891.43,130.78953,2891.43,52.06291
2890.17,70.60174,2890.17,197.11401,2890.17,44.80636,2890.17,50.51289,2890.17,131.46315,2890.17,47.75527
2888.91,75.86111,2888.91,186.82151,2888.91,42.08452,2888.91,54.06847,2888.91,122.49015,2888.91,46.95242
2887.65,80.94541,2887.65,192.25123,2887.65,30.21409,2887.65,54.59455,2887.65,113.37732,2887.65,44.8358
2886.38,75.6677,2886.38,195.0201,2886.38,24.78573,2886.38,53.54687,2886.38,101.73792,2886.38,43.74498
2885.12,75.05244,2885.12,192.95823,2885.12,32.65639,2885.12,52.99181,2885.12,102.22086,2885.12,34.43865
2883.85,69.75272,2883.85,191.00228,2883.85,37.99668,2883.85,60.34718,2883.85,104.15613,2883.85,32.26691
2882.59,69.46518,2882.59,187.83736,2882.59,28.4435,2882.59,63.01905,2882.59,106.99027,2882.59,20.74732
2881.33,69.02119,2881.33,183.13567,2881.33,33.5963,2881.33,64.51995,2881.33,97.47853,2881.33,25.16769
2880.06,66.5525,2880.06,173.95537,2880.06,39.00408,2880.06,70.67141,2880.06,84.14976,2880.06,26.13806
2878.8,65.48934,2878.8,178.06742,2878.8,49.7299,2878.8,74.93643,2878.8,75.20504,2878.8,22.14696
2877.53,61.8042,2877.53,176.00462,2877.53,55.00345,2877.53,80.10732,2877.53,81.6239,2877.53,25.7785
2876.27,65.09307,2876.27,177.7408,2876.27,64.18541,2876.27,77.52169,2876.27,91.28186,2876.27,33.27829
2875,56.59235,2875,170.39138,2875,66.48431,2875,88.10981,2875,99.70358,2875,25.04799
2873.74,60.1565,2873.74,177.58095,2873.74,57.46633,2873.74,87.93169,2873.74,96.33019,2873.74,22.48828
2872.47,55.61093,2872.47,169.39779,2872.47,55.57486,2872.47,83.28098,2872.47,95.51651,2872.47,23.76101
2871.2,56.05121,2871.2,174.04581,2871.2,56.45073,2871.2,82.92996,2871.2,101.89346,2871.2,31.83253
2869.94,69.20385,2869.94,176.38566,2869.94,52.3531,2869.94,85.58273,2869.94,110.76296,2869.94,39.50723
2868.67,82.20366,2868.67,188.29941,2868.67,50.77871,2868.67,83.26192,2868.67,126.48231,2868.67,40.84364
2867.4,93.65703,2867.4,194.96345,2867.4,51.68705,2867.4,81.93925,2867.4,144.59876,2867.4,44.06293
2866.14,97.81154,2866.14,197.31701,2866.14,55.12939,2866.14,85.85901,2866.14,154.15285,2866.14,47.81408
2864.87,112.00863,2864.87,205.94647,2864.87,56.26237,2864.87,81.11724,2864.87,165.7153,2864.87,52.23208
2863.6,119.00208,2863.6,204.50948,2863.6,58.39194,2863.6,77.05085,2863.6,172.95413,2863.6,55.0368
2862.34,116.88426,2862.34,203.57308,2862.34,57.20185,2862.34,60.57308,2862.34,172.35306,2862.34,53.77411
2861.07,117.75078,2861.07,197.61099,2861.07,60.15766,2861.07,51.20065,2861.07,176.44605,2861.07,51.80647
2859.8,111.12957,2859.8,194.95391,2859.8,58.0834,2859.8,47.67835,2859.8,179.6973,2859.8,49.96428
2858.53,111.05523,2858.53,193.40212,2858.53,66.27009,2858.53,49.55181,2858.53,181.28168,2858.53,38.54653
2857.26,110.91507,2857.26,192.98085,2857.26,58.43021,2857.26,50.57858,2857.26,175.46948,2857.26,34.05939
2855.99,110.68288,2855.99,192.97559,2855.99,68.94386,2855.99,48.90913,2855.99,167.77701,2855.99,37.9869
2854.73,110.51727,2854.73,181.68762,2854.73,64.69627,2854.73,47.22118,2854.73,160.16417,2854.73,34.10602
2853.46,109.13074,2853.46,182.53247,2853.46,62.75485,2853.46,53.87957,2853.46,154.793,2853.46,28.01177
2852.19,106.68695,2852.19,182.25028,2852.19,60.0852,2852.19,54.85625,2852.19,145.57423,2852.19,28.13298
2850.92,103.18558,2850.92,174.23279,2850.92,63.88801,2850.92,54.9316,2850.92,136.91673,2850.92,22.06848
2849.65,93.4457,2849.65,168.26322,2849.65,51.65953,2849.65,62.79889,2849.65,122.24778,2849.65,12.00813
2848.38,101.49729,2848.38,166.3779,2848.38,36.97036,2848.38,57.74046,2848.38,101.26017,2848.38,13.76517
2847.11,98.47384,2847.11,162.20458,2847.11,38.00121,2847.11,55.62857,2847.11,96.05819,2847.11,12.70506
2845.84,104.83259,2845.84,176.49674,2845.84,31.84429,2845.84,68.08613,2845.84,96.03069,2845.84,20.75406
2844.57,112.13405,2844.57,177.99231,2844.57,33.08035,2844.57,77.19842,2844.57,103.09495,2844.57,29.38388
2843.3,116.34573,2843.3,190.3493,2843.3,38.88127,2843.3,82.48258,2843.3,108.06971,2843.3,33.91804
2842.03,113.1672,2842.03,184.13271,2842.03,42.82787,2842.03,89.53114,2842.03,109.75569,2842.03,35.32932
2840.75,105.78831,2840.75,185.08147,2840.75,45.82026,2840.75,88.06758,2840.75,103.51888,2840.75,38.2538
2839.48,111.46974,2839.48,191.13624,2839.48,49.33598,2839.48,90.44602,2839.48,102.19922,2839.48,45.64333
2838.21,109.09664,2838.21,186.06464,2838.21,58.19533,2838.21,89.75149,2838.21,104.87459,2838.21,44.69583
2836.94,103.35509,2836.94,184.54523,2836.94,52.71772,2836.94,78.7844,2836.94,113.22591,2836.94,55.00651
2835.67,109.65054,2835.67,189.69453,2835.67,52.85676,2835.67,77.82814,2835.67,124.97211,2835.67,60.23603
2834.39,100.18543,2834.39,186.65634,2834.39,50.87367,2834.39,78.8528,2834.39,125.38115,2834.39,57.2063
2833.12,114.22878,2833.12,191.99084,2833.12,58.73448,2833.12,70.83277,2833.12,134.95056,2833.12,52.2582
2831.85,107.8603,2831.85,196.6338,2831.85,49.70906,2831.85,68.09425,2831.85,132.95423,2831.85,52.87865
2830.58,108.02957,2830.58,200.32255,2830.58,56.34551,2830.58,67.60993,2830.58,145.17647,2830.58,54.33834
2829.3,106.4334,2829.3,200.87757,2829.3,56.54714,2829.3,70.86147,2829.3,148.90237,2829.3,51.78627
2828.03,105.10118,2828.03,219.16805,2828.03,60.09417,2828.03,75.16199,2828.03,147.49321,2828.03,50.85522
2826.76,99.34084,2826.76,219.50758,2826.76,54.71724,2826.76,73.93544,2826.76,144.98692,2826.76,51.52977
2825.48,89.88218,2825.48,209.77786,2825.48,52.49985,2825.48,79.51035,2825.48,147.81942,2825.48,48.29393
2824.21,96.22184,2824.21,209.0887,2824.21,49.52399,2824.21,84.70026,2824.21,143.84119,2824.21,50.97965
2822.93,99.86635,2822.93,204.25341,2822.93,44.6476,2822.93,85.23882,2822.93,139.05529,2822.93,51.80414
2821.66,103.92774,2821.66,195.9633,2821.66,47.4219,2821.66,84.86289,2821.66,143.47069,2821.66,54.87445
2820.38,98.71378,2820.38,197.66775,2820.38,49.25097,2820.38,88.79696,2820.38,151.18946,2820.38,55.18364
2819.11,102.28599,2819.11,196.00099,2819.11,58.0695,2819.11,93.90223,2819.11,154.07786,2819.11,50.84283
2817.83,101.70026,2817.83,194.93156,2817.83,66.93714,2817.83,95.09416,2817.83,155.38779,2817.83,41.65959
2816.56,94.52023,2816.56,196.32911,2816.56,68.00977,2816.56,92.57518,2816.56,156.75554,2816.56,40.12427
2815.28,96.83298,2815.28,200.12592,2815.28,76.07168,2815.28,98.58039,2815.28,152.45339,2815.28,45.52943
2814.01,99.87828,2814.01,192.76685,2814.01,75.82459,2814.01,106.13399,2814.01,156.67507,2814.01,55.17258
2812.73,96.74448,2812.73,197.98082,2812.73,73.84503,2812.73,114.52782,2812.73,158.41484,2812.73,56.50456
2811.46,108.27165,2811.46,194.21849,2811.46,66.64241,2811.46,110.48147,2811.46,163.24721,2811.46,65.55761
2810.18,114.23128,2810.18,192.25537,2810.18,70.90602,2810.18,108.70238,2810.18,162.04628,2810.18,70.51095
2808.9,120.95968,2808.9,201.93077,2808.9,79.40366,2808.9,111.08812,2808.9,164.63336,2808.9,69.97401
2807.63,125.45344,2807.63,201.19687,2807.63,82.19137,2807.63,114.08436,2807.63,167.71341,2807.63,61.58017
2806.35,125.2852,2806.35,210.44931,2806.35,83.39566,2806.35,120.07643,2806.35,166.60046,2806.35,63.3757
2805.07,124.24154,2805.07,216.43169,2805.07,94.11953,2805.07,121.19864,2805.07,174.46919,2805.07,64.91445
2803.79,121.10403,2803.79,223.25264,2803.79,94.99893,2803.79,123.62461,2803.79,171.68594,2803.79,70.44367
2802.52,122.88235,2802.52,225.31308,2802.52,92.83275,2802.52,127.09414,2802.52,169.78551,2802.52,75.24301
2801.24,116.75408,2801.24,215.30376,2801.24,91.40219,2801.24,125.66345,2801.24,171.38355,2801.24,71.94487
2799.96,115.67763,2799.96,223.54854,2799.96,101.62024,2799.96,123.38982,2799.96,171.41435,2799.96,70.71991
2798.68,123.15616,2798.68,233.55392,2798.68,107.75083,2798.68,122.63016,2798.68,172.40386,2798.68,74.32032
2797.4,124.67166,2797.4,230.94018,2797.4,107.45775,2797.4,114.31857,2797.4,187.49298,2797.4,69.14575
2796.12,128.00396,2796.12,231.51056,2796.12,109.54195,2796.12,104.75714,2796.12,201.14415,2796.12,74.88008
2794.84,115.01385,2794.84,239.28349,2794.84,114.16888,2794.84,109.32401,2794.84,207.61853,2794.84,75.8822
2793.56,118.42972,2793.56,242.49816,2793.56,111.44281,2793.56,111.13937,2793.56,207.55914,2793.56,81.13501
2792.28,117.83373,2792.28,235.96077,2792.28,121.33991,2792.28,107.72194,2792.28,207.2045,2792.28,85.67469
2791.01,119.45792,2791.01,241.5794,2791.01,125.5351,2791.01,110.22279,2791.01,206.0138,2791.01,95.40428
2789.73,128.18389,2789.73,236.36735,2789.73,124.89454,2789.73,119.68222,2789.73,203.41367,2789.73,98.44053
2788.44,129.34813,2788.44,233.1013,2788.44,118.11805,2788.44,119.86875,2788.44,201.83852,2788.44,105.21298
2787.16,136.33315,2787.16,244.41093,2787.16,123.53657,2787.16,123.35722,2787.16,198.10491,2787.16,106.48577
2785.88,149.32979,2785.88,249.54621,2785.88,122.8869,2785.88,120.94871,2785.88,204.52626,2785.88,111.84261
2784.6,144.64935,2784.6,254.29187,2784.6,132.10058,2784.6,125.23146,2784.6,209.41415,2784.6,121.12934
2783.32,140.21469,2783.32,262.06783,2783.32,140.7617,2783.32,125.79526,2783.32,215.75658,2783.32,129.72356
2782.04,136.57505,2782.04,262.83919,2782.04,133.60223,2782.04,120.26062,2782.04,218.20959,2782.04,134.54877
2780.76,144.39947,2780.76,278.72858,2780.76,129.03371,2780.76,120.43929,2780.76,218.89902,2780.76,146.07382
2779.48,144.61605,2779.48,277.98819,2779.48,123.48342,2779.48,125.8768,2779.48,218.04167,2779.48,152.80683
2778.2,153.63344,2778.2,283.04268,2778.2,123.50186,2778.2,133.27512,2778.2,215.82389,2778.2,152.49243
2776.91,163.63643,2776.91,289.98112,2776.91,117.6645,2776.91,132.09335,2776.91,222.16198,2776.91,163.33637
2775.63,165.0832,2775.63,297.21423,2775.63,119.97126,2775.63,124.44894,2775.63,224.6915,2775.63,163.91823
2774.35,167.56664,2774.35,309.73568,2774.35,130.11782,2774.35,120.3662,2774.35,231.73902,2774.35,165.85014
2773.06,179.22735,2773.06,315.96879,2773.06,124.52181,2773.06,126.2416,2773.06,243.60073,2773.06,167.1109
2771.78,180.18195,2771.78,317.58105,2771.78,124.89171,2771.78,132.29343,2771.78,262.37997,2771.78,168.42452
2770.5,168.47764,2770.5,322.88226,2770.5,134.93569,2770.5,134.83774,2770.5,275.2578,2770.5,172.23892
2769.22,167.30335,2769.22,323.29735,2769.22,152.01303,2769.22,147.192,2769.22,278.66012,2769.22,168.08113
2767.93,175.95081,2767.93,320.958,2767.93,162.66141,2767.93,148.92859,2767.93,276.71197,2767.93,161.55786
2766.65,176.58245,2766.65,324.39662,2766.65,174.84868,2766.65,163.97683,2766.65,272.63005,2766.65,154.41192
2765.36,187.32074,2765.36,337.01747,2765.36,179.64781,2765.36,179.84583,2765.36,276.281,2765.36,142.77181
2764.08,195.10218,2764.08,345.51524,2764.08,179.4027,2764.08,190.16286,2764.08,279.27838,2764.08,132.38364
2762.79,206.73746,2762.79,353.53885,2762.79,188.2523,2762.79,194.15969,2762.79,282.93328,2762.79,131.71405
2761.51,209.86582,2761.51,369.10314,2761.51,198.18525,2761.51,202.27986,2761.51,290.72444,2761.51,127.11316
2760.22,208.86495,2760.22,379.1068,2760.22,202.05698,2760.22,210.74253,2760.22,300.91092,2760.22,130.46381
2758.94,209.86867,2758.94,386.51749,2758.94,208.18597,2758.94,215.49181,2758.94,301.19083,2758.94,137.23603
2757.65,204.24728,2757.65,396.55789,2757.65,203.2907,2757.65,215.99476,2757.65,313.30238,2757.65,149.81712
2756.37,212.196,2756.37,407.74061,2756.37,202.02674,2756.37,224.20895,2756.37,317.36755,2756.37,149.49578
2755.08,222.95813,2755.08,414.78899,2755.08,199.20103,2755.08,233.65416,2755.08,319.1132,2755.08,150.29666
2753.8,235.73339,2753.8,424.20787,2753.8,204.9236,2753.8,241.1485,2753.8,336.26047,2753.8,157.92444
2752.51,243.1964,2752.51,435.1596,2752.51,222.78344,2752.51,241.7475,2752.51,347.98657,2752.51,170.39529
2751.22,244.71613,2751.22,449.36865,2751.22,227.02942,2751.22,240.27632,2751.22,367.05861,2751.22,190.40014
2749.94,242.22116,2749.94,449.14327,2749.94,242.72618,2749.94,244.03146,2749.94,377.56206,2749.94,192.94325
2748.65,234.96243,2748.65,472.0624,2748.65,258.08146,2748.65,247.11478,2748.65,399.34462,2748.65,199.79024
2747.36,239.32434,2747.36,483.56327,2747.36,253.75132,2747.36,255.9179,2747.36,417.06566,2747.36,212.20141
2746.07,237.21833,2746.07,505.46268,2746.07,267.7158,2746.07,259.60369,2746.07,441.91528,2746.07,229.597
2744.79,236.71785,2744.79,522.91451,2744.79,288.6809,2744.79,260.48938,2744.79,455.96743,2744.79,238.15334
2743.5,252.89945,2743.5,542.28967,2743.5,301.66847,2743.5,272.12483,2743.5,469.69648,2743.5,257.53138
2742.21,257.05395,2742.21,559.69166,2742.21,311.32494,2742.21,282.40732,2742.21,473.73084,2742.21,263.46335
2740.92,266.73955,2740.92,585.23936,2740.92,317.5417,2740.92,299.22512,2740.92,491.29548,2740.92,267.25646
2739.63,285.544,2739.63,610.7628,2739.63,333.08841,2739.63,313.69394,2739.63,503.04284,2739.63,272.099
2738.34,293.17602,2738.34,643.6719,2738.34,344.96163,2738.34,325.64743,2738.34,528.1878,2738.34,278.24192
2737.06,302.10909,2737.06,673.47732,2737.06,365.34718,2737.06,335.84525,2737.06,548.55744,2737.06,292.95935
2735.77,301.96115,2735.77,706.46745,2735.77,384.70638,2735.77,349.64513,2735.77,564.58457,2735.77,304.93868
2734.48,308.92016,2734.48,725.57292,2734.48,395.24838,2734.48,364.20244,2734.48,579.15078,2734.48,316.86138
2733.19,314.52225,2733.19,757.58959,2733.19,403.46798,2733.19,377.18221,2733.19,606.41182,2733.19,323.23544
2731.9,314.42927,2731.9,777.48928,2731.9,417.0595,2731.9,395.40074,2731.9,637.96807,2731.9,332.98351
2730.61,326.31117,2730.61,800.9981,2730.61,429.7047,2730.61,405.37923,2730.61,659.34851,2730.61,336.74579
2729.32,335.46777,2729.32,828.14471,2729.32,444.46018,2729.32,413.83588,2729.32,685.3176,2729.32,347.1142
2728.03,348.54498,2728.03,852.26642,2728.03,464.99751,2728.03,426.04395,2728.03,712.02575,2728.03,363.37766
2726.73,356.71352,2726.73,872.28717,2726.73,488.07865,2726.73,436.17115,2726.73,734.326,2726.73,379.29041
2725.44,365.90893,2725.44,902.63005,2725.44,498.00089,2725.44,445.13418,2725.44,768.37486,2725.44,397.15126
2724.15,386.93969,2724.15,923.80026,2724.15,510.47412,2724.15,445.06221,2724.15,782.47276,2724.15,419.51409
2722.86,402.37309,2722.86,961.07091,2722.86,518.90031,2722.86,438.4545,2722.86,809.87562,2722.86,442.45396
2721.57,421.20107,2721.57,973.95137,2721.57,519.04573,2721.57,438.95685,2721.57,828.47474,2721.57,459.40783
2720.28,439.29005,2720.28,1003.90928,2720.28,536.11634,2720.28,438.45931,2720.28,847.16296,2720.28,480.16991
2718.98,451.94133,2718.98,1018.95993,2718.98,546.27673,2718.98,443.77588,2718.98,858.74227,2718.98,492.51342
2717.69,463.66227,2717.69,1041.58128,2717.69,559.31278,2717.69,452.56991,2717.69,876.00149,2717.69,505.92459
2716.4,475.05211,2716.4,1066.98139,2716.4,566.98792,2716.4,457.31222,2716.4,884.52609,2716.4,508.79949
2715.11,492.70086,2715.11,1092.06282,2715.11,578.62344,2715.11,462.81757,2715.11,903.64584,2715.11,509.68787
2713.81,503.10513,2713.81,1118.57942,2713.81,594.80223,2713.81,469.62327,2713.81,903.62299,2713.81,515.97049
2712.52,505.52817,2712.52,1144.72858,2712.52,612.38352,2712.52,471.6084,2712.52,928.8163,2712.52,515.89192
2711.23,504.02578,2711.23,1171.07724,2711.23,638.42608,2711.23,477.0119,2711.23,939.58229,2711.23,524.48021
2709.93,510.59742,2709.93,1197.58425,2709.93,654.77103,2709.93,485.68938,2709.93,945.19909,2709.93,527.8918
2708.64,506.42782,2708.64,1218.12599,2708.64,666.63027,2708.64,486.0739,2708.64,961.97367,2708.64,527.42673
2707.35,499.85484,2707.35,1237.21545,2707.35,684.07261,2707.35,497.78564,2707.35,977.9048,2707.35,525.10817
2706.05,510.49208,2706.05,1243.4385,2706.05,709.92194,2706.05,505.59756,2706.05,981.15239,2706.05,533.91985
2704.76,514.79426,2704.76,1256.60911,2704.76,727.55301,2704.76,499.29719,2704.76,981.81318,2704.76,535.01274
2703.46,518.35302,2703.46,1273.68207,2703.46,758.34425,2703.46,496.90707,2703.46,984.52871,2703.46,537.56225
2702.17,519.4449,2702.17,1278.45977,2702.17,775.11293,2702.17,495.22554,2702.17,989.37105,2702.17,539.01924
2700.87,528.03266,2700.87,1281.47939,2700.87,798.52934,2700.87,499.6817,2700.87,1009.77558,2700.87,543.83297
2699.58,536.57994,2699.58,1285.4901,2699.58,815.21672,2699.58,494.79095,2699.58,1012.12259,2699.58,552.29392
2698.28,541.82323,2698.28,1289.79823,2698.28,824.94387,2698.28,492.83009,2698.28,1005.53918,2698.28,560.20203
2696.98,529.6053,2696.98,1289.20406,2696.98,831.16808,2696.98,489.82178,2696.98,1015.8685,2696.98,564.39454
2695.69,530.32591,2695.69,1282.59919,2695.69,831.15903,2695.69,497.48451,2695.69,1009.71245,2695.69,563.51973
2694.39,535.63733,2694.39,1279.03606,2694.39,827.16159,2694.39,493.74218,2694.39,1009.43175,2694.39,566.32296
2693.09,536.16128,2693.09,1276.76215,2693.09,819.58915,2693.09,494.99549,2693.09,1009.42094,2693.09,561.76135
2691.8,545.68747,2691.8,1278.01578,2691.8,810.59243,2691.8,493.61067,2691.8,1006.24212,2691.8,555.44507
2690.5,558.14334,2690.5,1284.03937,2690.5,789.59611,2690.5,478.78158,2690.5,996.86171,2690.5,550.38545
2689.2,561.90009,2689.2,1281.82004,2689.2,780.16475,2689.2,466.95112,2689.2,988.4894,2689.2,539.78585
2687.91,565.60605,2687.91,1270.99067,2687.91,776.75053,2687.91,453.63134,2687.91,975.18957,2687.91,531.26057
2686.61,568.24697,2686.61,1263.42175,2686.61,777.31927,2686.61,448.66207,2686.61,975.99836,2686.61,530.48413
2685.31,568.15099,2685.31,1258.46538,2685.31,769.13104,2685.31,444.78815,2685.31,959.53924,2685.31,537.51005
2684.01,574.76085,2684.01,1243.50603,2684.01,757.97287,2684.01,432.47337,2684.01,948.52983,2684.01,530.98479
2682.71,570.20668,2682.71,1229.80982,2682.71,750.582,2682.71,425.89527,2682.71,944.51461,2682.71,526.72844
2681.41,571.00187,2681.41,1202.16278,2681.41,746.98205,2681.41,421.22969,2681.41,927.1259,2681.41,522.06366
2680.12,572.94101,2680.12,1180.27266,2680.12,751.45349,2680.12,404.51292,2680.12,911.94812,2680.12,530.84268
2678.82,561.62158,2678.82,1170.49077,2678.82,741.60218,2678.82,389.05872,2678.82,890.9599,2678.82,519.73351
2677.52,548.03361,2677.52,1166.10219,2677.52,741.98583,2677.52,375.46341,2677.52,874.45344,2677.52,508.82485
2676.22,540.70907,2676.22,1135.48862,2676.22,730.97107,2676.22,365.65677,2676.22,863.84174,2676.22,502.38712
2674.92,538.32017,2674.92,1118.30781,2674.92,726.73063,2674.92,355.2098,2674.92,847.15121,2674.92,501.9089
2673.62,525.85163,2673.62,1095.70029,2673.62,713.35651,2673.62,344.00877,2673.62,821.17734,2673.62,496.72401
2672.32,510.11173,2672.32,1074.80214,2672.32,702.52397,2672.32,338.06752,2672.32,807.88048,2672.32,498.01167
2671.02,495.12695,2671.02,1052.9347,2671.02,695.35015,2671.02,326.53349,2671.02,788.78645,2671.02,493.95336
2669.72,491.76779,2669.72,1033.13826,2669.72,677.74528,2669.72,327.11642,2669.72,766.96616,2669.72,480.23008
2668.42,486.16915,2668.42,1012.63533,2668.42,657.60654,2668.42,313.00073,2668.42,743.3075,2668.42,464.23895
2667.11,472.03138,2667.11,998.88221,2667.11,647.35605,2667.11,311.05447,2667.11,722.24766,2667.11,444.96997
2665.81,467.8454,2665.81,977.7986,2665.81,639.49201,2665.81,306.29126,2665.81,702.83535,2665.81,425.01567
2664.51,457.13278,2664.51,954.17273,2664.51,623.96101,2664.51,289.96281,2664.51,685.85181,2664.51,413.66627
2663.21,436.9279,2663.21,922.15683,2663.21,622.64188,2663.21,286.58394,2663.21,677.31244,2663.21,396.25136
2661.91,429.22625,2661.91,886.80279,2661.91,620.65275,2661.91,282.526,2661.91,657.5877,2661.91,382.15362
2660.61,416.14066,2660.61,853.72797,2660.61,610.84878,2660.61,281.34237,2660.61,636.99517,2660.61,373.70355
2659.3,405.68095,2659.3,821.27086,2659.3,591.31566,2659.3,284.78407,2659.3,625.05636,2659.3,356.14243
2658,397.89223,2658,788.98663,2658,580.27806,2658,278.92435,2658,615.59173,2658,330.81755
2656.7,388.41159,2656.7,764.19311,2656.7,564.10894,2656.7,276.98308,2656.7,602.23257,2656.7,320.98441
2655.39,375.98352,2655.39,734.66959,2655.39,549.57927,2655.39,275.61875,2655.39,589.81228,2655.39,314.13528
2654.09,363.34692,2654.09,718.64912,2654.09,536.0397,2654.09,266.24833,2654.09,574.82635,2654.09,304.42406
2652.79,351.37365,2652.79,702.13022,2652.79,524.72269,2652.79,256.74391,2652.79,556.16364,2652.79,285.89035
2651.48,342.95959,2651.48,682.45986,2651.48,511.76299,2651.48,243.03802,2651.48,545.20872,2651.48,280.11669
2650.18,336.91498,2650.18,650.39207,2650.18,497.4494,2650.18,233.75953,2650.18,536.47113,2650.18,280.18187
2648.88,328.33876,2648.88,639.2404,2648.88,485.3834,2648.88,216.71311,2648.88,511.71273,2648.88,280.98647
2647.57,322.77552,2647.57,618.62749,2647.57,479.40843,2647.57,215.10134,2647.57,499.90523,2647.57,276.78349
2646.27,310.07919,2646.27,604.4667,2646.27,468.33602,2646.27,211.36079,2646.27,479.32323,2646.27,272.62593
2644.96,304.89535,2644.96,594.3056,2644.96,450.41074,2644.96,208.61721,2644.96,462.8343,2644.96,269.61963
2643.66,304.32549,2643.66,581.10086,2643.66,425.22764,2643.66,204.42366,2643.66,451.55531,2643.66,259.96923
2642.35,295.5891,2642.35,563.714,2642.35,411.51745,2642.35,198.50752,2642.35,438.35464,2642.35,258.93968
2641.04,286.0461,2641.04,552.65103,2641.04,407.80882,2641.04,199.41274,2641.04,427.27373,2641.04,254.0518
2639.74,279.90958,2639.74,535.12194,2639.74,395.39931,2639.74,193.7493,2639.74,414.23759,2639.74,251.31379
2638.43,271.48154,2638.43,510.65863,2638.43,375.54533,2638.43,184.54291,2638.43,407.2122,2638.43,248.78614
2637.13,262.06585,2637.13,496.41953,2637.13,366.63241,2637.13,176.49185,2637.13,392.0633,2637.13,237.22375
2635.82,263.02207,2635.82,478.94899,2635.82,348.36882,2635.82,175.93284,2635.82,368.95501,2635.82,224.49495
2634.51,256.56704,2634.51,463.10948,2634.51,330.3454,2634.51,181.14386,2634.51,355.0717,2634.51,215.5718
2633.21,259.1404,2633.21,449.60526,2633.21,317.67884,2633.21,188.91559,2633.21,350.70347,2633.21,207.9473
2631.9,253.74114,2631.9,439.11722,2631.9,313.49355,2631.9,181.59903,2631.9,336.89604,2631.9,195.65752
2630.59,245.90294,2630.59,425.00824,2630.59,298.42465,2630.59,179.65015,2630.59,329.32964,2630.59,199.0721
2629.28,236.43327,2629.28,414.13003,2629.28,292.73941,2629.28,184.23677,2629.28,322.19814,2629.28,193.81141
2627.98,227.93621,2627.98,398.97995,2627.98,291.63632,2627.98,178.27253,2627.98,305.40732,2627.98,188.0671
2626.67,217.25162,2626.67,378.78088,2626.67,292.86405,2626.67,172.65236,2626.67,298.84704,2626.67,183.77691
2625.36,211.74396,2625.36,371.68238,2625.36,286.38362,2625.36,176.16099,2625.36,290.86651,2625.36,181.76805
2624.05,196.89274,2624.05,368.65472,2624.05,285.20821,2624.05,175.69929,2624.05,286.78877,2624.05,178.24037
2622.74,195.6471,2622.74,370.07249,2622.74,281.42702,2622.74,173.63924,2622.74,277.00957,2622.74,181.01065
2621.43,183.68508,2621.43,367.01977,2621.43,275.94746,2621.43,184.35647,2621.43,272.84423,2621.43,174.21918
2620.12,177.66063,2620.12,363.933,2620.12,264.50375,2620.12,182.32125,2620.12,266.66728,2620.12,175.54901
2618.81,182.24136,2618.81,350.06883,2618.81,250.68528,2618.81,175.19734,2618.81,271.8864,2618.81,178.65731
2617.5,175.03176,2617.5,346.73563,2617.5,244.29738,2617.5,169.86393,2617.5,276.09553,2617.5,181.61048
2616.19,169.69477,2616.19,339.70283,2616.19,238.50761,2616.19,170.37602,2616.19,278.41914,2616.19,187.96406
2614.88,169.61679,2614.88,338.72852,2614.88,230.32397,2614.88,162.74812,2614.88,271.18503,2614.88,195.81139
2613.57,164.65071,2613.57,327.46244,2613.57,218.43643,2613.57,157.24206,2613.57,269.18637,2613.57,191.98683
2612.26,171.85119,2612.26,315.98937,2612.26,212.72602,2612.26,154.00125,2612.26,269.39345,2612.26,190.15876
2610.95,171.00042,2610.95,319.00492,2610.95,209.07683,2610.95,148.70985,2610.95,260.16993,2610.95,181.29856
2609.64,176.07765,2609.64,325.16344,2609.64,195.05136,2609.64,157.88063,2609.64,254.1179,2609.64,177.47775
2608.33,173.21754,2608.33,325.26522,2608.33,196.2495,2608.33,156.60117,2608.33,259.11173,2608.33,176.49215
2607.02,165.1143,2607.02,329.25782,2607.02,197.46199,2607.02,153.98945,2607.02,262.78121,2607.02,175.96301
2605.71,158.22925,2605.71,326.7428,2605.71,191.96412,2605.71,153.25307,2605.71,252.21395,2605.71,172.61466
2604.39,155.78943,2604.39,321.32969,2604.39,179.79343,2604.39,151.01565,2604.39,245.52874,2604.39,176.54398
2603.08,159.6868,2603.08,318.95358,2603.08,175.63274,2603.08,149.759,2603.08,235.97253,2603.08,174.21796
2601.77,152.87195,2601.77,306.09836,2601.77,173.00586,2601.77,152.54415,2601.77,228.3895,2601.77,167.27343
2600.46,149.5365,2600.46,299.79522,2600.46,162.78977,2600.46,148.31128,2600.46,226.36053,2600.46,156.06068
2599.14,147.35022,2599.14,298.14644,2599.14,154.87932,2599.14,149.23422,2599.14,224.914,2599.14,156.13971
2597.83,137.2813,2597.83,292.31488,2597.83,150.90747,2597.83,149.60993,2597.83,231.38303,2597.83,155.78161
2596.52,138.8488,2596.52,287.73752,2596.52,147.01926,2596.52,152.0127,2596.52,231.34128,2596.52,156.58026
2595.2,130.8184,2595.2,282.75015,2595.2,139.31448,2595.2,151.92311,2595.2,228.03587,2595.2,156.54426
2593.89,139.60703,2593.89,275.84261,2593.89,135.53309,2593.89,148.81492,2593.89,225.60474,2593.89,155.90333
2592.58,140.2187,2592.58,254.69034,2592.58,132.36607,2592.58,148.41763,2592.58,226.48619,2592.58,154.32401
2591.26,130.4291,2591.26,245.21502,2591.26,130.06242,2591.26,147.92997,2591.26,228.39688,2591.26,160.02911
2589.95,134.57899,2589.95,235.85294,2589.95,125.46821,2589.95,144.3079,2589.95,226.43247,2589.95,161.32646
2588.63,134.33708,2588.63,227.80675,2588.63,121.13517,2588.63,140.71497,2588.63,216.79611,2588.63,161.63067
2587.32,136.21157,2587.32,214.79569,2587.32,120.95387,2587.32,140.26715,2587.32,212.94411,2587.32,154.74908
2586,134.21991,2586,210.77182,2586,125.58362,2586,135.49565,2586,210.5268,2586,151.62771
2584.69,123.66566,2584.69,215.26444,2584.69,122.83139,2584.69,133.85281,2584.69,202.33861,2584.69,148.32973
2583.37,122.43054,2583.37,213.80847,2583.37,130.08847,2583.37,134.98346,2583.37,200.87205,2583.37,149.28828
2582.06,109.33607,2582.06,209.92008,2582.06,139.48586,2582.06,127.69434,2582.06,200.02022,2582.06,139.79644
2580.74,103.30777,2580.74,209.14462,2580.74,136.36193,2580.74,125.95141,2580.74,192.30843,2580.74,136.13822
2579.42,104.247,2579.42,204.65549,2579.42,129.53607,2579.42,116.12103,2579.42,173.22358,2579.42,138.4827
2578.11,99.65589,2578.11,204.6767,2578.11,123.7614,2578.11,110.82182,2578.11,170.5737,2578.11,135.27188
2576.79,106.47783,2576.79,198.09212,2576.79,129.7858,2576.79,110.8083,2576.79,161.27463,2576.79,128.11372
2575.47,93.52678,2575.47,198.49078,2575.47,136.15463,2575.47,105.25236,2575.47,156.29647,2575.47,114.90646
2574.16,88.64061,2574.16,189.43773,2574.16,136.96305,2574.16,97.74321,2574.16,155.30198,2574.16,110.45875
2572.84,91.28271,2572.84,186.69883,2572.84,140.12175,2572.84,102.82186,2572.84,157.65436,2572.84,115.5272
2571.52,88.81537,2571.52,189.62344,2571.52,142.00072,2571.52,108.24023,2571.52,153.46262,2571.52,115.17737
2570.2,87.19106,2570.2,196.76444,2570.2,139.07217,2570.2,105.38115,2570.2,155.82911,2570.2,112.0167
2568.89,88.11507,2568.89,190.73751,2568.89,145.42482,2568.89,111.15009,2568.89,154.3749,2568.89,118.02797
2567.57,85.14523,2567.57,195.61506,2567.57,142.33567,2567.57,111.47391,2567.57,157.25553,2567.57,113.38833
2566.25,89.96702,2566.25,180.27147,2566.25,140.13027,2566.25,116.54018,2566.25,157.5025,2566.25,113.94428
2564.93,88.48433,2564.93,182.30665,2564.93,134.39521,2564.93,113.78355,2564.93,158.84229,2564.93,114.27188
2563.61,100.69757,2563.61,183.53977,2563.61,126.26481,2563.61,114.0894,2563.61,161.2095,2563.61,110.77928
2562.29,103.15048,2562.29,175.27417,2562.29,123.56992,2562.29,115.83711,2562.29,155.90258,2562.29,111.17957
2560.97,102.87924,2560.97,174.53768,2560.97,121.29095,2560.97,112.08806,2560.97,155.81715,2560.97,108.62979
2559.65,101.07495,2559.65,174.95909,2559.65,116.80694,2559.65,110.28165,2559.65,157.58964,2559.65,109.88659
2558.33,104.83282,2558.33,166.88219,2558.33,105.69606,2558.33,112.83383,2558.33,151.35267,2558.33,108.16006
2557.01,109.93097,2557.01,157.63443,2557.01,102.12471,2557.01,113.11979,2557.01,156.06551,2557.01,95.53253
2555.69,106.54696,2555.69,149.39011,2555.69,95.12382,2555.69,102.8422,2555.69,149.99366,2555.69,90.16303
2554.37,97.29888,2554.37,143.05377,2554.37,82.95699,2554.37,98.90443,2554.37,137.73736,2554.37,97.75195
2553.05,95.34571,2553.05,143.45789,2553.05,79.24738,2553.05,89.81899,2553.05,127.93652,2553.05,102.80628
2551.73,98.92744,2551.73,138.43211,2551.73,77.16515,2551.73,90.87958,2551.73,123.76394,2551.73,96.04036
2550.41,108.04565,2550.41,128.69777,2550.41,79.76817,2550.41,91.52155,2550.41,117.4469,2550.41,93.29367
2549.09,96.21991,2549.09,132.0675,2549.09,83.13894,2549.09,88.6118,2549.09,111.30712,2549.09,91.52497
2547.76,88.70396,2547.76,118.13214,2547.76,81.8182,2547.76,92.58575,2547.76,113.37647,2547.76,95.52969
2546.44,97.53955,2546.44,122.05307,2546.44,76.74808,2546.44,103.6306,2546.44,107.07877,2546.44,101.34914
2545.12,90.20212,2545.12,130.13411,2545.12,67.77742,2545.12,95.31329,2545.12,109.52754,2545.12,102.89201
2543.8,81.58365,2543.8,132.05438,2543.8,69.67143,2543.8,103.14686,2543.8,114.42743,2543.8,100.99544
2542.47,75.99371,2542.47,129.63359,2542.47,69.89734,2542.47,104.44327,2542.47,115.33264,2542.47,105.85641
2541.15,67.15959,2541.15,136.03246,2541.15,59.90226,2541.15,107.03371,2541.15,124.48469,2541.15,97.38577
2539.83,68.47746,2539.83,124.65243,2539.83,68.12176,2539.83,116.31096,2539.83,121.88168,2539.83,94.8283
2538.5,63.07829,2538.5,126.72962,2538.5,70.93456,2538.5,114.80726,2538.5,128.15345,2538.5,94.06299
2537.18,62.00397,2537.18,125.8629,2537.18,77.21468,2537.18,114.70272,2537.18,121.89661,2537.18,90.05671
2535.86,59.68491,2535.86,129.40807,2535.86,84.8924,2535.86,117.3761,2535.86,117.09829,2535.86,88.64034
2534.53,57.04147,2534.53,137.32829,2534.53,80.85135,2534.53,110.27117,2534.53,124.02702,2534.53,82.00522
2533.21,59.3887,2533.21,138.60877,2533.21,75.21567,2533.21,113.52787,2533.21,128.81085,2533.21,89.77074
2531.88,67.30502,2531.88,131.13496,2531.88,76.33168,2531.88,118.89587,2531.88,130.58817,2531.88,82.81631
2530.56,68.86919,2530.56,131.87908,2530.56,83.10659,2530.56,115.5145,2530.56,146.65585,2530.56,86.00189
2529.23,61.92311,2529.23,133.01575,2529.23,90.59569,2529.23,112.14909,2529.23,146.47804,2529.23,97.78436
2527.91,58.75705,2527.91,143.84424,2527.91,96.15307,2527.91,106.71266,2527.91,142.84211,2527.91,101.25198
2526.58,70.29992,2526.58,156.73637,2526.58,96.07018,2526.58,96.49653,2526.58,149.10308,2526.58,100.22384
2525.26,75.58542,2525.26,150.96085,2525.26,95.36671,2525.26,94.20293,2525.26,150.66113,2525.26,102.8911
2523.93,74.04164,2523.93,153.85032,2523.93,97.89651,2523.93,98.67013,2523.93,147.05218,2523.93,108.33268
2522.61,61.41913,2522.61,164.424,2522.61,98.62403,2522.61,91.64056,2522.61,140.06047,2522.61,112.97005
2521.28,60.92935,2521.28,166.71518,2521.28,94.39567,2521.28,85.53428,2521.28,142.21694,2521.28,110.81886
2519.95,67.11866,2519.95,176.39718,2519.95,88.50383,2519.95,90.26832,2519.95,136.39148,2519.95,105.6557
2518.63,64.11861,2518.63,182.64578,2518.63,81.82654,2518.63,85.30777,2518.63,133.88791,2518.63,99.92533
2517.3,58.7319,2517.3,180.84203,2517.3,76.34094,2517.3,91.02699,2517.3,128.56642,2517.3,91.76393
2515.97,53.45878,2515.97,170.25375,2515.97,69.99785,2515.97,88.52533,2515.97,123.08058,2515.97,85.69066
2514.64,49.88021,2514.64,167.157,2514.64,67.08646,2514.64,99.60587,2514.64,123.31884,2514.64,85.69717
2513.32,53.22099,2513.32,160.64719,2513.32,73.82397,2513.32,102.35559,2513.32,113.03996,2513.32,89.21742
2511.99,50.98764,2511.99,148.24344,2511.99,68.36546,2511.99,103.30831,2511.99,105.69183,2511.99,88.36343
2510.66,49.3401,2510.66,146.60235,2510.66,64.51197,2510.66,104.93985,2510.66,90.12744,2510.66,81.10583
2509.33,58.92041,2509.33,134.73403,2509.33,56.42945,2509.33,107.57212,2509.33,87.78241,2509.33,82.38491
2508,58.17227,2508,126.26931,2508,53.85134,2508,107.54567,2508,88.00317,2508,87.34948
2506.67,64.64909,2506.67,119.81077,2506.67,57.76094,2506.67,117.04478,2506.67,89.89936,2506.67,88.52205
2505.34,69.46987,2505.34,113.74394,2505.34,66.68108,2505.34,125.38297,2505.34,90.32743,2505.34,87.60921
2504.01,69.49016,2504.01,107.97925,2504.01,67.40295,2504.01,128.41458,2504.01,96.00675,2504.01,91.39278
2502.68,67.94983,2502.68,104.33939,2502.68,71.66359,2502.68,134.00407,2502.68,92.52092,2502.68,90.10004
2501.35,71.24987,2501.35,107.60915,2501.35,70.0062,2501.35,127.62954,2501.35,92.325,2501.35,94.34801
2500.02,69.00356,2500.02,105.10941,2500.02,71.15504,2500.02,127.02513,2500.02,94.43961,2500.02,99.91887
2498.69,64.69541,2498.69,101.57624,2498.69,85.27447,2498.69,130.2937,2498.69,100.80265,2498.69,107.3084
2497.36,57.41768,2497.36,112.98847,2497.36,89.83087,2497.36,129.48814,2497.36,99.84328,2497.36,107.49439
2496.03,48.20988,2496.03,106.34862,2496.03,93.95445,2496.03,119.62638,2496.03,104.28887,2496.03,104.93578
2494.7,51.87492,2494.7,112.62696,2494.7,97.62732,2494.7,126.57214,2494.7,107.37158,2494.7,94.8798
2493.37,54.80256,2493.37,117.65296,2493.37,96.48903,2493.37,129.02832,2493.37,111.53057,2493.37,88.81946
2492.04,57.33247,2492.04,118.27544,2492.04,90.41655,2492.04,118.75578,2492.04,125.65907,2492.04,87.01906
2490.71,58.07495,2490.71,114.43595,2490.71,85.38482,2490.71,113.75996,2490.71,124.04863,2490.71,78.16102
2489.38,54.63329,2489.38,113.78307,2489.38,86.00872,2489.38,115.47608,2489.38,125.83728,2489.38,83.44091
2488.04,55.23914,2488.04,125.5361,2488.04,86.42205,2488.04,113.08738,2488.04,134.36296,2488.04,96.9777
2486.71,65.7663,2486.71,125.36627,2486.71,87.16071,2486.71,105.4414,2486.71,141.93726,2486.71,96.68438
2485.38,63.53757,2485.38,121.02895,2485.38,80.31896,2485.38,104.55353,2485.38,145.67561,2485.38,103.27433
2484.04,68.96884,2484.04,128.2674,2484.04,74.90992,2484.04,100.83072,2484.04,140.84629,2484.04,102.79142
2482.71,81.14249,2482.71,127.29877,2482.71,75.12494,2482.71,101.18859,2482.71,140.39703,2482.71,104.06111
2481.38,81.44565,2481.38,126.39493,2481.38,78.15378,2481.38,105.13302,2481.38,138.34014,2481.38,108.78819
2480.04,87.50588,2480.04,128.63415,2480.04,76.77999,2480.04,104.05538,2480.04,136.76458,2480.04,102.40354
2478.71,80.37885,2478.71,125.46776,2478.71,76.53203,2478.71,107.82961,2478.71,128.17161,2478.71,100.95716
2477.38,81.83563,2477.38,116.61568,2477.38,64.40266,2477.38,109.03059,2477.38,122.50023,2477.38,102.52179
2476.04,80.37876,2476.04,121.66883,2476.04,65.93877,2476.04,109.4601,2476.04,117.40769,2476.04,105.93606
2474.71,78.10663,2474.71,124.29764,2474.71,65.93155,2474.71,107.44056,2474.71,114.59928,2474.71,113.81074
2473.37,67.11663,2473.37,125.08142,2473.37,75.01419,2473.37,104.90894,2473.37,117.86063,2473.37,113.9634
2472.04,65.73828,2472.04,126.69778,2472.04,76.53785,2472.04,103.88193,2472.04,120.45462,2472.04,115.47346
2470.7,56.42034,2470.7,131.43172,2470.7,72.57765,2470.7,104.96032,2470.7,114.36863,2470.7,108.63236
2469.37,54.71189,2469.37,129.9327,2469.37,73.25488,2469.37,111.69014,2469.37,113.0774,2469.37,97.55304
2468.03,57.16278,2468.03,147.95939,2468.03,68.37876,2468.03,117.89345,2468.03,116.30326,2468.03,100.75317
2466.7,52.93506,2466.7,161.20812,2466.7,69.40173,2466.7,112.26353,2466.7,117.76957,2466.7,98.3662
2465.36,49.84237,2465.36,160.32402,2465.36,63.61704,2465.36,112.24274,2465.36,118.55939,2465.36,104.99021
2464.02,50.25872,2464.02,162.25563,2464.02,62.11364,2464.02,120.65644,2464.02,107.97221,2464.02,106.11415
2462.69,45.22989,2462.69,165.7844,2462.69,64.31535,2462.69,127.179,2462.69,122.3155,2462.69,114.62508
2461.35,56.5489,2461.35,174.05001,2461.35,68.04791,2461.35,123.94023,2461.35,132.69889,2461.35,124.72396
2460.01,69.48099,2460.01,177.13055,2460.01,72.83403,2460.01,126.25036,2460.01,142.56266,2460.01,126.43057
2458.68,76.12447,2458.68,180.57226,2458.68,70.58583,2458.68,133.68311,2458.68,141.50338,2458.68,137.11475
2457.34,79.57422,2457.34,180.99306,2457.34,68.95506,2457.34,136.69151,2457.34,141.88633,2457.34,137.22699
2456,86.57235,2456,172.91704,2456,70.00865,2456,142.39379,2456,145.28457,2456,139.92902
2454.66,89.91408,2454.66,162.22531,2454.66,64.23761,2454.66,141.00678,2454.66,150.38037,2454.66,142.65049
2453.32,90.65293,2453.32,160.22037,2453.32,65.50535,2453.32,138.49843,2453.32,155.06609,2453.32,140.35452
2451.98,75.10016,2451.98,156.13521,2451.98,61.8481,2451.98,142.67286,2451.98,151.5598,2451.98,139.84597
2450.65,76.212,2450.65,158.03889,2450.65,57.18453,2450.65,141.06596,2450.65,147.74745,2450.65,143.38385
2449.31,77.82027,2449.31,159.2881,2449.31,67.71264,2449.31,142.09576,2449.31,150.59373,2449.31,140.54734
2447.97,78.84593,2447.97,156.18857,2447.97,78.09217,2447.97,142.33756,2447.97,158.55189,2447.97,138.87527
2446.63,68.28747,2446.63,158.85441,2446.63,82.9557,2446.63,135.98981,2446.63,160.78202,2446.63,138.57145
2445.29,67.5862,2445.29,162.13546,2445.29,79.35317,2445.29,142.72018,2445.29,154.44937,2445.29,132.00922
2443.95,60.97002,2443.95,171.06871,2443.95,80.54026,2443.95,145.22696,2443.95,153.6859,2443.95,122.34754
2442.61,59.03065,2442.61,173.32213,2442.61,85.48323,2442.61,146.58312,2442.61,152.39444,2442.61,115.06058
2441.27,57.31248,2441.27,182.32276,2441.27,87.76441,2441.27,140.56805,2441.27,147.71045,2441.27,125.42924
2439.93,61.36591,2439.93,184.77168,2439.93,94.08458,2439.93,133.30889,2439.93,140.10565,2439.93,124.04912
2438.59,63.10376,2438.59,171.34341,2438.59,91.46729,2438.59,133.27159,2438.59,142.34759,2438.59,131.65094
2437.25,64.57488,2437.25,167.64947,2437.25,95.89595,2437.25,130.77611,2437.25,146.85338,2437.25,139.12486
2435.9,70.08788,2435.9,160.52646,2435.9,101.60756,2435.9,124.65566,2435.9,153.29071,2435.9,141.60104
2434.56,78.60269,2434.56,159.06978,2434.56,102.85373,2434.56,111.00905,2434.56,155.23879,2434.56,156.81873
2433.22,77.58217,2433.22,158.87877,2433.22,107.34274,2433.22,110.02949,2433.22,149.41025,2433.22,159.56501
2431.88,82.387,2431.88,153.58925,2431.88,109.92473,2431.88,107.1955,2431.88,145.82217,2431.88,168.30448
2430.54,79.16266,2430.54,143.26125,2430.54,111.28363,2430.54,103.8536,2430.54,146.3115,2430.54,168.12706
2429.19,79.96296,2429.19,136.68086,2429.19,107.23459,2429.19,105.81987,2429.19,142.35215,2429.19,172.26187
2427.85,78.09271,2427.85,142.70131,2427.85,103.25781,2427.85,104.60689,2427.85,150.16892,2427.85,168.00221
2426.51,67.50115,2426.51,146.4712,2426.51,113.07646,2426.51,104.46873,2426.51,148.62267,2426.51,167.59603
2425.17,56.38574,2425.17,143.05619,2425.17,109.50452,2425.17,104.00038,2425.17,144.75433,2425.17,163.5306
2423.82,57.96345,2423.82,141.25326,2423.82,113.64719,2423.82,102.23842,2423.82,147.31711,2423.82,162.60718
2422.48,59.52649,2422.48,133.31643,2422.48,118.60813,2422.48,99.67713,2422.48,150.56517,2422.48,156.62648
2421.13,57.43349,2421.13,133.36014,2421.13,118.43146,2421.13,100.02033,2421.13,149.12316,2421.13,156.46875
2419.79,51.33374,2419.79,133.97594,2419.79,117.42846,2419.79,103.78131,2419.79,145.60812,2419.79,155.96467
2418.45,57.49358,2418.45,131.24345,2418.45,101.63986,2418.45,111.71381,2418.45,142.08956,2418.45,146.41275
2417.1,59.19575,2417.1,128.20861,2417.1,93.62369,2417.1,110.28681,2417.1,143.51499,2417.1,140.14462
2415.76,58.97066,2415.76,123.99889,2415.76,86.64047,2415.76,112.63926,2415.76,138.31696,2415.76,133.15996
2414.41,63.69986,2414.41,121.53028,2414.41,89.84256,2414.41,109.0069,2414.41,137.16063,2414.41,128.62177
2413.07,71.14509,2413.07,118.19622,2413.07,85.53444,2413.07,106.58038,2413.07,136.16342,2413.07,127.13059
2411.72,61.49649,2411.72,116.65324,2411.72,85.64391,2411.72,108.82359,2411.72,130.07506,2411.72,125.22146
2410.37,54.99061,2410.37,108.45644,2410.37,81.82765,2410.37,101.70091,2410.37,123.43896,2410.37,125.54035
2409.03,60.9769,2409.03,102.50846,2409.03,79.2942,2409.03,98.73835,2409.03,113.69439,2409.03,115.6808
2407.68,58.94673,2407.68,100.17855,2407.68,77.42386,2407.68,94.01644,2407.68,106.12912,2407.68,115.76341
2406.34,57.06704,2406.34,108.15258,2406.34,83.45948,2406.34,94.84965,2406.34,92.47893,2406.34,106.28622
2404.99,63.4651,2404.99,110.17952,2404.99,84.46929,2404.99,95.75064,2404.99,90.40645,2404.99,105.21149
2403.64,57.05085,2403.64,107.22355,2403.64,80.05359,2403.64,100.34747,2403.64,87.239,2403.64,101.11797
2402.29,56.08524,2402.29,109.42636,2402.29,81.76277,2402.29,102.60899,2402.29,87.29131,2402.29,99.3959
2400.95,51.46975,2400.95,107.49233,2400.95,82.71867,2400.95,103.02861,2400.95,91.67073,2400.95,99.06207
2399.6,48.63979,2399.6,96.13044,2399.6,87.72619,2399.6,96.61683,2399.6,86.73822,2399.6,95.12924
2398.25,51.44239,2398.25,89.43577,2398.25,82.25904,2398.25,91.90051,2398.25,91.66315,2398.25,98.63545
2396.9,58.73086,2396.9,89.38627,2396.9,83.25438,2396.9,87.76147,2396.9,89.28722,2396.9,97.84209
2395.56,61.67838,2395.56,83.02686,2395.56,76.32271,2395.56,83.07723,2395.56,86.08301,2395.56,101.67046
2394.21,63.71917,2394.21,76.95387,2394.21,70.72377,2394.21,89.53672,2394.21,84.84876,2394.21,101.43415
2392.86,63.52347,2392.86,75.94579,2392.86,69.77762,2392.86,90.40794,2392.86,88.45221,2392.86,102.72481
2391.51,66.54582,2391.51,71.37189,2391.51,51.38992,2391.51,82.62276,2391.51,93.1848,2391.51,103.95743
2390.16,62.3645,2390.16,66.49078,2390.16,40.81229,2390.16,79.62866,2390.16,92.8689,2390.16,104.66092
2388.81,56.84744,2388.81,59.98492,2388.81,37.58507,2388.81,81.68932,2388.81,89.908,2388.81,102.77687
2387.46,51.47368,2387.46,66.35618,2387.46,40.56138,2387.46,72.23025,2387.46,93.13143,2387.46,92.67826
2386.11,48.6066,2386.11,66.26555,2386.11,29.36343,2386.11,72.38461,2386.11,90.2974,2386.11,88.47205
2384.76,34.67397,2384.76,68.29321,2384.76,28.90781,2384.76,69.19155,2384.76,88.53497,2384.76,81.26217
2383.41,31.39954,2383.41,65.41061,2383.41,24.98181,2383.41,66.3856,2383.41,94.40104,2383.41,75.36453
2382.06,29.84609,2382.06,70.91539,2382.06,32.8592,2382.06,68.24776,2382.06,94.36907,2382.06,69.82534
2380.71,25.77011,2380.71,75.68947,2380.71,34.79418,2380.71,70.97588,2380.71,96.81393,2380.71,72.01526
2379.36,16.29446,2379.36,82.6856,2379.36,42.73484,2379.36,67.42676,2379.36,93.46064,2379.36,64.51617
2378,10.64801,2378,88.83798,2378,45.34683,2378,66.64692,2378,91.92314,2378,66.93547
2376.65,-0.03314,2376.65,88.25433,2376.65,49.91934,2376.65,69.21803,2376.65,92.574,2376.65,63.47512
2375.3,3.58303,2375.3,84.72842,2375.3,57.38298,2375.3,66.64481,2375.3,87.92161,2375.3,64.76231
2373.95,3.80046,2373.95,84.86842,2373.95,55.8465,2373.95,65.25879,2373.95,79.74894,2373.95,71.14664
2372.6,6.55598,2372.6,87.67474,2372.6,53.11325,2372.6,60.77228,2372.6,67.40933,2372.6,73.81023
2371.24,13.21067,2371.24,95.84875,2371.24,53.45445,2371.24,59.01609,2371.24,61.12741,2371.24,83.29892
2369.89,14.95836,2369.89,99.27146,2369.89,55.47482,2369.89,57.25052,2369.89,49.82928,2369.89,85.45804
2368.54,14.86408,2368.54,93.30096,2368.54,54.7754,2368.54,56.24793,2368.54,39.008,2368.54,90.01284
2367.18,17.43821,2367.18,92.56122,2367.18,57.92794,2367.18,48.91226,2367.18,38.6041,2367.18,93.38616
2365.83,21.13122,2365.83,95.18599,2365.83,56.23674,2365.83,45.66995,2365.83,36.20549,2365.83,106.51793
2364.48,27.90538,2364.48,85.57049,2364.48,50.70708,2364.48,50.19738,2364.48,31.66909,2364.48,113.71775
2363.12,26.18429,2363.12,80.41881,2363.12,41.21623,2363.12,63.0662,2363.12,21.01781,2363.12,110.89079
2361.77,32.18495,2361.77,74.72503,2361.77,28.88721,2361.77,71.97523,2361.77,17.77983,2361.77,107.61246
2360.41,43.06673,2360.41,79.15364,2360.41,25.35579,2360.41,75.75755,2360.41,22.44721,2360.41,96.54877
2359.06,46.88019,2359.06,75.42459,2359.06,17.04792,2359.06,90.1559,2359.06,24.63055,2359.06,93.68139
2357.7,46.42034,2357.7,73.427,2357.7,20.17392,2357.7,91.87655,2357.7,31.43761,2357.7,90.75932
2356.35,49.26842,2356.35,68.5627,2356.35,17.01914,2356.35,99.5758,2356.35,40.19314,2356.35,85.31716
2354.99,44.36899,2354.99,67.89927,2354.99,14.08505,2354.99,102.75467,2354.99,40.73229,2354.99,84.81494
2353.64,41.4761,2353.64,64.36368,2353.64,15.09785,2353.64,109.97997,2353.64,46.30416,2353.64,78.78225
2352.28,36.54201,2352.28,69.47507,2352.28,16.96015,2352.28,103.34407,2352.28,49.95876,2352.28,73.05146
2350.93,34.17039,2350.93,72.3833,2350.93,12.73422,2350.93,100.71595,2350.93,53.9538,2350.93,76.75595
2349.57,29.90056,2349.57,66.73196,2349.57,10.75853,2349.57,100.01442,2349.57,63.56598,2349.57,74.1634
2348.21,34.19327,2348.21,63.52569,2348.21,9.22178,2348.21,96.54206,2348.21,62.01134,2348.21,78.99534
2346.86,32.01933,2346.86,72.09278,2346.86,6.84199,2346.86,89.68334,2346.86,63.43517,2346.86,78.42305
2345.5,31.36091,2345.5,69.88749,2345.5,6.72882,2345.5,81.63109,2345.5,60.56572,2345.5,82.12214
2344.14,34.22331,2344.14,68.31143,2344.14,9.2399,2344.14,75.04565,2344.14,68.19404,2344.14,88.94083
2342.78,30.81812,2342.78,72.49828,2342.78,18.89581,2342.78,68.4645,2342.78,71.16821,2342.78,92.13981
2341.42,25.77337,2341.42,64.02264,2341.42,25.97875,2341.42,66.40885,2341.42,73.73886,2341.42,96.15484
2340.07,27.40612,2340.07,62.93187,2340.07,30.66297,2340.07,67.02492,2340.07,76.29438,2340.07,101.14505
2338.71,27.98479,2338.71,61.84722,2338.71,33.14719,2338.71,76.191,2338.71,73.53864,2338.71,105.91364
2337.35,28.1629,2337.35,54.41166,2337.35,33.79766,2337.35,80.98371,2337.35,71.2233,2337.35,110.20951
2335.99,28.46906,2335.99,51.12424,2335.99,27.76327,2335.99,90.07371,2335.99,71.08124,2335.99,106.59498
2334.63,35.45756,2334.63,55.76275,2334.63,29.58303,2334.63,84.87745,2334.63,71.0985,2334.63,113.30818
2333.27,38.10505,2333.27,62.97386,2333.27,38.75117,2333.27,87.62267,2333.27,70.81305,2333.27,109.0299
2331.91,33.92914,2331.91,62.16752,2331.91,40.57054,2331.91,85.50724,2331.91,74.13365,2331.91,112.68618
2330.55,35.75697,2330.55,57.35836,2330.55,41.64505,2330.55,79.41907,2330.55,75.76458,2330.55,111.67033
2329.19,39.05381,2329.19,61.74305,2329.19,40.43774,2329.19,83.83659,2329.19,76.3549,2329.19,111.77049
2327.83,43.85232,2327.83,70.64888,2327.83,38.95326,2327.83,79.31195,2327.83,77.16974,2327.83,108.84225
2326.47,43.25883,2326.47,71.87128,2326.47,40.91118,2326.47,81.42043,2326.47,78.08372,2326.47,110.58716
2325.11,51.37602,2325.11,79.09616,2325.11,40.58458,2325.11,73.86518,2325.11,73.37627,2325.11,111.75259
2323.75,51.27223,2323.75,76.72041,2323.75,31.43116,2323.75,69.56519,2323.75,65.79659,2323.75,106.20387
2322.39,48.63809,2322.39,74.57758,2322.39,33.69657,2322.39,63.16997,2322.39,69.434,2322.39,105.47309
2321.03,53.8733,2321.03,75.05997,2321.03,35.72927,2321.03,63.14343,2321.03,56.02382,2321.03,101.18394
2319.67,53.26791,2319.67,79.57607,2319.67,40.08906,2319.67,50.80673,2319.67,52.38362,2319.67,98.15678
2318.3,54.95035,2318.3,69.63404,2318.3,37.08249,2318.3,47.88603,2318.3,47.16095,2318.3,101.34983
2316.94,50.48446,2316.94,64.446,2316.94,35.64928,2316.94,50.57198,2316.94,45.94447,2316.94,102.86116
2315.58,38.90021,2315.58,65.26306,2315.58,42.26429,2315.58,55.91257,2315.58,39.98489,2315.58,98.57994
2314.22,29.72768,2314.22,57.71521,2314.22,41.98564,2314.22,61.2177,2314.22,35.10523,2314.22,105.447
2312.85,34.99674,2312.85,51.68095,2312.85,45.06298,2312.85,66.11724,2312.85,31.24938,2312.85,100.15212
2311.49,29.04037,2311.49,50.30044,2311.49,40.32468,2311.49,66.88087,2311.49,36.44756,2311.49,102.7841
2310.13,21.91151,2310.13,39.92441,2310.13,30.27965,2310.13,71.9727,2310.13,38.92671,2310.13,98.38936
2308.76,13.57933,2308.76,35.77495,2308.76,22.86701,2308.76,73.9499,2308.76,34.90302,2308.76,93.30192
2307.4,4.15516,2307.4,39.48567,2307.4,22.89685,2307.4,71.25698,2307.4,31.17224,2307.4,85.66691
2306.04,2.15421,2306.04,38.41131,2306.04,16.80315,2306.04,78.59614,2306.04,27.4236,2306.04,72.8238
2304.67,6.2648,2304.67,33.9872,2304.67,15.28107,2304.67,79.19199,2304.67,28.22097,2304.67,74.54156
2303.31,7.3785,2303.31,32.56306,2303.31,12.82447,2303.31,75.00899,2303.31,27.20722,2303.31,65.23499
2301.94,2.92622,2301.94,31.44951,2301.94,15.48566,2301.94,73.26786,2301.94,20.40786,2301.94,55.99065
2300.58,4.86727,2300.58,29.92195,2300.58,12.98374,2300.58,72.12112,2300.58,23.25395,2300.58,45.61538
2299.21,4.8694,2299.21,28.87836,2299.21,10.92693,2299.21,70.91363,2299.21,17.2799,2299.21,43.29302
2297.85,10.57559,2297.85,36.5865,2297.85,13.97046,2297.85,68.48083,2297.85,9.45113,2297.85,30.63047
2296.48,10.92523,2296.48,40.3736,2296.48,10.14536,2296.48,68.71721,2296.48,4.6988,2296.48,23.47086
2295.11,8.83876,2295.11,39.55765,2295.11,10.80322,2295.11,59.99702,2295.11,8.41977,2295.11,21.7473
2293.75,11.67192,2293.75,43.73056,2293.75,13.33903,2293.75,60.58681,2293.75,4.09706,2293.75,14.28423
2292.38,6.73882,2292.38,41.74496,2292.38,12.72054,2292.38,48.37183,2292.38,5.23337,2292.38,10.62151
2291.01,7.54754,2291.01,35.91932,2291.01,7.53514,2291.01,46.76409,2291.01,0.71903,2291.01,12.13194
2289.65,-1.41038,2289.65,43.47242,2289.65,9.50943,2289.65,47.35608,2289.65,0.95537,2289.65,14.48955
2288.28,-1.76927,2288.28,45.95609,2288.28,9.21471,2288.28,42.52981,2288.28,3.99914,2288.28,13.39574
2286.91,-2.55032,2286.91,46.47344,2286.91,15.96926,2286.91,33.82242,2286.91,12.06869,2286.91,17.92028
2285.55,-3.129,2285.55,39.5672,2285.55,11.43967,2285.55,34.31732,2285.55,24.08279,2285.55,12.62743
2284.18,-10.53175,2284.18,38.51919,2284.18,0.90738,2284.18,28.47734,2284.18,33.70946,2284.18,16.52073
2282.81,-18.8119,2282.81,28.17213,2282.81,-4.99606,2282.81,23.2141,2282.81,29.51366,2282.81,18.3487
2281.44,-23.91328,2281.44,25.44434,2281.44,-9.27999,2281.44,22.23392,2281.44,28.83426,2281.44,18.35898
2280.07,-20.34247,2280.07,24.30899,2280.07,-6.49568,2280.07,19.01389,2280.07,28.19773,2280.07,14.07076
2278.7,-12.05147,2278.7,20.39312,2278.7,-4.16766,2278.7,13.87647,2278.7,24.09448,2278.7,15.35546
2277.33,-8.4143,2277.33,14.56022,2277.33,3.11297,2277.33,12.25172,2277.33,19.66177,2277.33,22.07835
2275.96,-8.32196,2275.96,7.81276,2275.96,5.94546,2275.96,3.58803,2275.96,16.17179,2275.96,14.16727
2274.59,-7.36413,2274.59,-4.80503,2274.59,1.45599,2274.59,7.07132,2274.59,4.82229,2274.59,2.61454
2273.22,-0.20114,2273.22,-0.19429,2273.22,0.25163,2273.22,-0.26478,2273.22,0.49181,2273.22,0.25981
2271.85,2.06749,2271.85,1.8539,2271.85,-2.2253,2271.85,2.23888,2271.85,-4.16318,2271.85,-2.04315
2270.48,3.92174,2270.48,5.02731,2270.48,-3.98846,2270.48,10.77574,2270.48,-6.13752,2270.48,-12.36327
2269.11,11.50116,2269.11,0.33395,2269.11,-0.53684,2269.11,21.77785,2269.11,-4.67644,2269.11,-15.46582
2267.74,2.90971,2267.74,-3.30206,2267.74,-6.66712,2267.74,18.58727,2267.74,-3.34494,2267.74,-19.59587
2266.37,8.44242,2266.37,0.83325,2266.37,-1.87662,2266.37,20.62114,2266.37,-11.96603,2266.37,-23.84898
2265,5.82654,2265,-3.24502,2265,-3.72838,2265,17.26572,2265,-16.11958,2265,-19.81712
2263.63,4.25715,2263.63,0.99559,2263.63,-2.76028,2263.63,19.12709,2263.63,-16.68175,2263.63,-18.5096
2262.26,-1.09381,2262.26,6.46543,2262.26,1.66132,2262.26,17.58089,2262.26,-13.69733,2262.26,-28.80185
2260.88,-5.18866,2260.88,5.24993,2260.88,3.93358,2260.88,11.08303,2260.88,-12.99086,2260.88,-29.81107
2259.51,-17.85847,2259.51,8.91356,2259.51,4.24366,2259.51,11.60454,2259.51,-5.3929,2259.51,-23.11783
2258.14,-23.57089,2258.14,1.40581,2258.14,-3.7697,2258.14,18.3105,2258.14,0.15671,2258.14,-18.38358
2256.77,-29.50395,2256.77,1.02008,2256.77,-7.11552,2256.77,18.2128,2256.77,4.86328,2256.77,-12.60127
2255.39,-31.29651,2255.39,-7.48265,2255.39,-6.96191,2255.39,23.48975,2255.39,3.2064,2255.39,-1.31995
2254.02,-34.04092,2254.02,-7.58921,2254.02,-7.89972,2254.02,27.22159,2254.02,5.19062,2254.02,2.10948
2252.65,-34.61782,2252.65,-9.58356,2252.65,-1.8033,2252.65,24.32838,2252.65,-3.89058,2252.65,9.20053
2251.27,-32.61574,2251.27,-7.18254,2251.27,5.0621,2251.27,30.48267,2251.27,-4.95056,2251.27,14.49032
2249.9,-38.24808,2249.9,-8.43997,2249.9,3.73026,2249.9,31.27591,2249.9,-6.15176,2249.9,14.62245
2248.53,-34.92895,2248.53,-8.72299,2248.53,0.71664,2248.53,31.14243,2248.53,-11.21997,2248.53,11.75276
2247.15,-38.37641,2247.15,-10.26267,2247.15,-6.25834,2247.15,34.9541,2247.15,-15.73871,2247.15,13.10219
2245.78,-41.64586,2245.78,0.23969,2245.78,-9.26638,2245.78,29.06786,2245.78,-15.72694,2245.78,15.7657
2244.4,-43.07129,2244.4,3.02283,2244.4,-8.59288,2244.4,42.61651,2244.4,-6.22341,2244.4,15.57777
2243.03,-37.51154,2243.03,0.29807,2243.03,-12.92826,2243.03,40.31176,2243.03,1.036,2243.03,11.63426
2241.65,-32.33024,2241.65,-0.96453,2241.65,-7.79878,2241.65,37.76563,2241.65,0.67471,2241.65,15.26807
2240.27,-40.2805,2240.27,3.06324,2240.27,-9.44045,2240.27,31.36504,2240.27,1.4094,2240.27,13.42497
2238.9,-28.81596,2238.9,5.92997,2238.9,-9.9512,2238.9,31.38689,2238.9,8.80422,2238.9,16.21168
2237.52,-31.56722,2237.52,8.5221,2237.52,-12.93202,2237.52,28.35053,2237.52,19.56552,2237.52,22.04582
2236.15,-32.60905,2236.15,8.60989,2236.15,-12.0155,2236.15,19.34231,2236.15,19.89216,2236.15,15.8218
2234.77,-34.08114,2234.77,9.69471,2234.77,-16.81383,2234.77,14.93315,2234.77,19.81861,2234.77,7.09459
2233.39,-40.74606,2233.39,13.10023,2233.39,-25.36827,2233.39,16.99987,2233.39,21.632,2233.39,10.30897
2232.02,-35.87645,2232.02,14.79483,2232.02,-27.53687,2232.02,17.2396,2232.02,22.18892,2232.02,8.24229
2230.64,-31.18876,2230.64,4.78203,2230.64,-26.88557,2230.64,19.10645,2230.64,18.69137,2230.64,3.31862
2229.26,-27.37907,2229.26,7.18928,2229.26,-27.69551,2229.26,15.4127,2229.26,18.23258,2229.26,-3.80402
2227.88,-27.92041,2227.88,-4.40863,2227.88,-27.42584,2227.88,14.93085,2227.88,8.71525,2227.88,-0.65825
2226.5,-30.04123,2226.5,-4.03925,2226.5,-22.31984,2226.5,11.30447,2226.5,-1.1891,2226.5,-1.69994
2225.13,-33.04076,2225.13,-3.66998,2225.13,-19.37584,2225.13,14.69867,2225.13,-11.2538,2225.13,-4.7814
2223.75,-29.14839,2223.75,-1.18262,2223.75,-23.15574,2223.75,22.96938,2223.75,-9.81854,2223.75,-7.24447
2222.37,-30.42742,2222.37,-2.90249,2222.37,-24.24416,2222.37,19.1252,2222.37,-13.50136,2222.37,-7.71251
2220.99,-27.18739,2220.99,0.89588,2220.99,-19.79,2220.99,22.62788,2220.99,-21.1716,2220.99,-2.64454
2219.61,-34.30464,2219.61,2.22641,2219.61,-22.57763,2219.61,24.85248,2219.61,-24.43982,2219.61,-1.85029
2218.23,-32.51245,2218.23,-0.08752,2218.23,-18.64155,2218.23,24.37741,2218.23,-28.15468,2218.23,-6.23747
2216.85,-31.43489,2216.85,-0.26635,2216.85,-19.38172,2216.85,21.57851,2216.85,-21.55426,2216.85,-8.51699
2215.47,-33.55404,2215.47,-7.65111,2215.47,-20.89719,2215.47,17.86161,2215.47,-19.87972,2215.47,-17.41176
2214.09,-36.83757,2214.09,-7.3171,2214.09,-11.69155,2214.09,18.68735,2214.09,-18.00025,2214.09,-16.48738
2212.71,-34.4326,2212.71,-5.04186,2212.71,-6.48478,2212.71,22.5763,2212.71,-15.77632,2212.71,-18.04356
2211.33,-33.79494,2211.33,-5.05962,2211.33,-14.79258,2211.33,26.62633,2211.33,-11.98357,2211.33,-14.89
2209.95,-37.31008,2209.95,2.35498,2209.95,-16.32718,2209.95,23.55108,2209.95,-11.44576,2209.95,-13.03588
2208.57,-41.72082,2208.57,-1.43106,2208.57,-16.45994,2208.57,18.43064,2208.57,-12.79716,2208.57,-17.44206
2207.18,-44.92203,2207.18,0.62918,2207.18,-18.05255,2207.18,17.46974,2207.18,-9.80328,2207.18,-20.50429
2205.8,-47.31512,2205.8,1.31712,2205.8,-19.56165,2205.8,18.18617,2205.8,-7.98265,2205.8,-18.14567
2204.42,-40.36052,2204.42,-1.02649,2204.42,-14.19171,2204.42,12.20566,2204.42,-11.072,2204.42,-17.00954
2203.04,-43.09088,2203.04,-3.91918,2203.04,-14.99619,2203.04,10.84101,2203.04,-6.86124,2203.04,-18.21061
2201.66,-39.88492,2201.66,-0.4841,2201.66,-18.77947,2201.66,5.33952,2201.66,-3.3225,2201.66,-17.95534
2200.27,-38.51628,2200.27,-1.12499,2200.27,-23.51234,2200.27,7.43273,2200.27,-1.75595,2200.27,-5.81749
2198.89,-34.46414,2198.89,2.87629,2198.89,-32.45019,2198.89,14.48501,2198.89,-0.55923,2198.89,-0.35529
2197.51,-26.98025,2197.51,-2.74522,2197.51,-41.49408,2197.51,21.39046,2197.51,3.94594,2197.51,9.82399
2196.12,-16.80511,2196.12,-1.14066,2196.12,-50.14664,2196.12,28.06156,2196.12,6.39149,2196.12,18.29267
2194.74,-8.13956,2194.74,7.1332,2194.74,-44.16187,2194.74,26.66378,2194.74,9.70769,2194.74,30.55279
2193.36,-5.32733,2193.36,10.78908,2193.36,-38.51457,2193.36,33.25136,2193.36,12.71868,2193.36,40.22683
2191.97,-2.29107,2191.97,5.75566,2191.97,-36.06688,2191.97,33.38175,2191.97,22.52622,2191.97,45.01674
2190.59,5.01529,2190.59,4.8882,2190.59,-28.34724,2190.59,29.40173,2190.59,24.67767,2190.59,43.36635
2189.2,10.11258,2189.2,0.57268,2189.2,-28.89719,2189.2,34.14659,2189.2,25.25281,2189.2,39.43695
2187.82,10.6978,2187.82,0.22842,2187.82,-24.88464,2187.82,36.03975,2187.82,23.39593,2187.82,36.94102
2186.43,17.66816,2186.43,-2.43995,2186.43,-21.42967,2186.43,38.24595,2186.43,22.28727,2186.43,44.5211
2185.05,18.01022,2185.05,-5.27183,2185.05,-25.25002,2185.05,45.40824,2185.05,22.91477,2185.05,42.65154
2183.66,11.3692,2183.66,-5.8181,2183.66,-31.08927,2183.66,45.50197,2183.66,23.00206,2183.66,40.59393
2182.27,10.26261,2182.27,0.43266,2182.27,-27.4054,2182.27,39.98065,2182.27,21.86724,2182.27,38.32903
2180.89,7.32667,2180.89,-0.49118,2180.89,-21.00687,2180.89,28.93353,2180.89,22.58759,2180.89,32.21699
2179.5,4.0422,2179.5,4.29024,2179.5,-16.10802,2179.5,24.52255,2179.5,15.71371,2179.5,31.31442
2178.11,0.03986,2178.11,8.37609,2178.11,-14.81465,2178.11,26.76346,2178.11,12.03466,2178.11,27.3287
2176.73,-9.09592,2176.73,8.17224,2176.73,-11.80552,2176.73,23.86744,2176.73,9.6061,2176.73,25.32316
2175.34,-15.39813,2175.34,8.0076,2175.34,-14.08994,2175.34,24.78694,2175.34,6.51794,2175.34,21.91461
2173.95,-17.73381,2173.95,6.22265,2173.95,-18.64169,2173.95,25.49856,2173.95,3.89161,2173.95,18.92248
2172.57,-16.41428,2172.57,0.70618,2172.57,-23.19258,2172.57,26.88876,2172.57,2.71896,2172.57,16.29589
2171.18,-22.09597,2171.18,-0.44366,2171.18,-26.43808,2171.18,29.29625,2171.18,-3.76256,2171.18,12.43192
2169.79,-18.33084,2169.79,-6.58783,2169.79,-25.95644,2169.79,29.01895,2169.79,-4.60699,2169.79,15.8573
2168.4,-21.6852,2168.4,0.01716,2168.4,-16.3054,2168.4,27.71099,2168.4,-8.44022,2168.4,12.37098
2167.01,-23.3918,2167.01,3.40293,2167.01,-6.15964,2167.01,25.04494,2167.01,-8.81544,2167.01,12.65989
2165.62,-26.31532,2165.62,-5.59658,2165.62,-5.67043,2165.62,22.22791,2165.62,-9.19349,2165.62,17.04242
2164.23,-30.96971,2164.23,-5.24817,2164.23,-5.04589,2164.23,15.15457,2164.23,-7.2522,2164.23,13.97363
2162.84,-29.41207,2162.84,-2.56857,2162.84,-0.29998,2162.84,14.29463,2162.84,-11.6484,2162.84,10.49044
2161.46,-14.92153,2161.46,-11.15749,2161.46,0.10635,2161.46,20.43209,2161.46,-15.26015,2161.46,5.27725
2160.07,-16.81552,2160.07,-10.95264,2160.07,-8.57654,2160.07,14.47494,2160.07,-14.43908,2160.07,10.35915
2158.68,-12.80543,2158.68,-11.32243,2158.68,-11.08606,2158.68,20.83601,2158.68,-11.04467,2158.68,11.61041
2157.28,-15.65781,2157.28,-9.54891,2157.28,-16.05621,2157.28,21.17181,2157.28,-3.82386,2157.28,1.51232
2155.89,-8.89639,2155.89,-4.62325,2155.89,-17.64157,2155.89,17.26037,2155.89,-6.601,2155.89,0.35446
2154.5,-1.93807,2154.5,2.73556,2154.5,-15.09992,2154.5,17.87167,2154.5,-11.60489,2154.5,0.75289
2153.11,3.03707,2153.11,3.87038,2153.11,-17.84936,2153.11,14.91778,2153.11,-13.64103,2153.11,-1.37336
2151.72,-0.1838,2151.72,6.99523,2151.72,-24.97363,2151.72,17.88318,2151.72,-24.20558,2151.72,-2.52277
2150.33,-2.20334,2150.33,3.86325,2150.33,-30.82407,2150.33,19.69894,2150.33,-18.18612,2150.33,-2.66908
2148.94,-8.82381,2148.94,-2.04488,2148.94,-38.4949,2148.94,18.23981,2148.94,-16.63024,2148.94,-1.40529
2147.54,-4.84927,2147.54,-2.0033,2147.54,-36.73795,2147.54,17.61829,2147.54,-16.20055,2147.54,-2.35286
2146.15,-7.66222,2146.15,-4.83616,2146.15,-40.76946,2146.15,15.04863,2146.15,-13.44968,2146.15,-4.26922
2144.76,-8.2259,2144.76,-4.96344,2144.76,-40.34785,2144.76,12.03647,2144.76,-9.36911,2144.76,-4.0276
2143.37,-15.60469,2143.37,3.22967,2143.37,-37.48752,2143.37,12.4645,2143.37,-12.64133,2143.37,-8.24254
2141.97,-16.96049,2141.97,-3.38265,2141.97,-36.49964,2141.97,12.90194,2141.97,-13.62391,2141.97,-5.95705
2140.58,-23.71299,2140.58,-2.7556,2140.58,-26.05871,2140.58,3.16967,2140.58,-16.37785,2140.58,-8.25683
2139.19,-24.81984,2139.19,1.61088,2139.19,-27.76073,2139.19,-5.07199,2139.19,-21.98985,2139.19,-3.71571
2137.79,-31.05619,2137.79,3.27294,2137.79,-32.3933,2137.79,-2.64022,2137.79,-21.361,2137.79,-1.50007
2136.4,-40.09171,2136.4,10.83442,2136.4,-26.45781,2136.4,-2.5436,2136.4,-14.37386,2136.4,2.53418
2135,-33.30239,2135,5.03405,2135,-16.56886,2135,-1.31681,2135,-9.6203,2135,5.42763
2133.61,-24.03825,2133.61,3.65429,2133.61,-8.51336,2133.61,1.24251,2133.61,-4.7873,2133.61,16.418
2132.22,-30.05127,2132.22,1.41127,2132.22,-8.98868,2132.22,2.04762,2132.22,2.05052,2132.22,24.18073
2130.82,-29.08011,2130.82,-0.46912,2130.82,-3.99798,2130.82,5.34161,2130.82,7.42034,2130.82,21.97514
2129.42,-25.58516,2129.42,-6.8619,2129.42,-3.97361,2129.42,8.33822,2129.42,5.30502,2129.42,21.8342
2128.03,-14.64203,2128.03,-9.41484,2128.03,-1.68952,2128.03,12.7597,2128.03,7.0333,2128.03,25.88928
2126.63,-9.58498,2126.63,-12.04408,2126.63,-4.75408,2126.63,16.44883,2126.63,9.71231,2126.63,32.66218
2125.24,-12.40471,2125.24,-10.9247,2125.24,-12.75843,2125.24,18.55043,2125.24,7.67064,2125.24,33.6153
2123.84,-8.26673,2123.84,-11.02317,2123.84,-17.21634,2123.84,24.30421,2123.84,6.40451,2123.84,32.87906
2122.44,-6.1216,2122.44,-9.94939,2122.44,-17.87623,2122.44,26.42039,2122.44,10.87872,2122.44,35.47135
2121.05,-7.12104,2121.05,-8.83526,2121.05,-19.35412,2121.05,27.21797,2121.05,12.279,2121.05,37.08646
2119.65,-5.01041,2119.65,-5.2867,2119.65,-16.08271,2119.65,33.01952,2119.65,14.20866,2119.65,39.3567
2118.25,-9.06977,2118.25,-6.18719,2118.25,-19.36973,2118.25,29.75547,2118.25,14.31568,2118.25,38.69389
2116.86,-11.27598,2116.86,-0.1418,2116.86,-25.23708,2116.86,31.04674,2116.86,12.26969,2116.86,36.89254
2115.46,-15.40121,2115.46,2.74635,2115.46,-28.01312,2115.46,34.66635,2115.46,2.40854,2115.46,32.15718
2114.06,-19.24299,2114.06,1.58809,2114.06,-27.79539,2114.06,26.59965,2114.06,0.78185,2114.06,33.41262
2112.66,-24.14951,2112.66,11.47847,2112.66,-27.07126,2112.66,21.01677,2112.66,-0.41173,2112.66,28.01073
2111.26,-30.25778,2111.26,21.56757,2111.26,-28.97224,2111.26,22.89593,2111.26,-7.45949,2111.26,30.90403
2109.86,-37.57287,2109.86,21.28641,2109.86,-29.38809,2109.86,26.1272,2109.86,-6.29436,2109.86,23.55492
2108.46,-42.27212,2108.46,20.53353,2108.46,-29.4964,2108.46,25.48846,2108.46,-9.04189,2108.46,26.28959
2107.07,-36.48771,2107.07,20.81511,2107.07,-27.47872,2107.07,18.21423,2107.07,-12.21035,2107.07,19.4287
2105.67,-40.38109,2105.67,18.92301,2105.67,-26.0187,2105.67,11.54015,2105.67,-12.33042,2105.67,25.76174
2104.27,-41.83721,2104.27,13.02241,2104.27,-29.86614,2104.27,3.59608,2104.27,-13.51383,2104.27,15.88756
2102.87,-44.13147,2102.87,13.53574,2102.87,-33.21306,2102.87,-6.2816,2102.87,-12.34359,2102.87,8.01474
2101.47,-36.71872,2101.47,14.98019,2101.47,-35.36953,2101.47,-18.42118,2101.47,-14.16435,2101.47,7.79648
2100.07,-32.81868,2100.07,15.68704,2100.07,-36.41039,2100.07,-22.9222,2100.07,-10.81068,2100.07,4.04169
2098.66,-30.14183,2098.66,18.19329,2098.66,-35.38354,2098.66,-20.31012,2098.66,-11.92575,2098.66,-0.74129
2097.26,-31.70775,2097.26,19.39933,2097.26,-35.23275,2097.26,-19.77092,2097.26,-21.93383,2097.26,-10.32517
2095.86,-21.50862,2095.86,13.05428,2095.86,-37.09934,2095.86,-20.80069,2095.86,-21.07758,2095.86,-14.61473
2094.46,-25.01275,2094.46,13.95555,2094.46,-32.82509,2094.46,-20.99045,2094.46,-21.58122,2094.46,-12.72265
2093.06,-20.96308,2093.06,4.88668,2093.06,-36.33798,2093.06,-21.60696,2093.06,-24.54981,2093.06,-10.95166
2091.66,-18.07954,2091.66,2.9521,2091.66,-33.42248,2091.66,-23.83637,2091.66,-23.95751,2091.66,-8.88041
2090.25,-17.75044,2090.25,2.8161,2090.25,-31.81565,2090.25,-28.43318,2090.25,-25.7861,2090.25,-5.90698
2088.85,-15.63463,2088.85,0.86724,2088.85,-39.542,2088.85,-26.60128,2088.85,-27.1681,2088.85,-5.14383
2087.45,-14.925,2087.45,-5.91145,2087.45,-34.27122,2087.45,-23.17219,2087.45,-27.89752,2087.45,-8.70564
2086.05,-18.41562,2086.05,-4.25962,2086.05,-30.13115,2086.05,-26.27393,2086.05,-29.23846,2086.05,-13.1699
2084.64,-22.12424,2084.64,-0.45354,2084.64,-29.63293,2084.64,-20.45535,2084.64,-28.71309,2084.64,-15.37398
2083.24,-25.39272,2083.24,-4.72026,2083.24,-26.74162,2083.24,-16.86308,2083.24,-37.44678,2083.24,-11.81045
2081.84,-22.79949,2081.84,-9.53945,2081.84,-29.98004,2081.84,-11.13318,2081.84,-35.52204,2081.84,-14.7192
2080.43,-24.1324,2080.43,-10.52037,2080.43,-33.8719,2080.43,-6.43222,2080.43,-43.09204,2080.43,-7.95582
2079.03,-23.66747,2079.03,-12.07106,2079.03,-35.50061,2079.03,-11.25665,2079.03,-42.74303,2079.03,-9.83087
2077.62,-33.14766,2077.62,-15.86645,2077.62,-40.91567,2077.62,-11.95366,2077.62,-39.80436,2077.62,-7.92713
2076.22,-33.00607,2076.22,-11.41107,2076.22,-41.40676,2076.22,-10.19665,2076.22,-33.06183,2076.22,-12.95614
2074.81,-28.56616,2074.81,-8.9305,2074.81,-44.08531,2074.81,-12.93072,2074.81,-34.51874,2074.81,-8.34863
2073.41,-23.82222,2073.41,-6.85577,2073.41,-42.86727,2073.41,-13.57348,2073.41,-34.99899,2073.41,-8.22093
2072,-24.60527,2072,-1.62669,2072,-41.81439,2072,-5.01005,2072,-33.28376,2072,-11.38375
2070.6,-25.23667,2070.6,1.88516,2070.6,-37.08181,2070.6,-0.89603,2070.6,-30.416,2070.6,-20.60744
2069.19,-24.5352,2069.19,1.23814,2069.19,-42.94176,2069.19,-2.62084,2069.19,-29.91729,2069.19,-16.5165
2067.78,-22.37962,2067.78,7.25865,2067.78,-46.95203,2067.78,-9.72056,2067.78,-27.79115,2067.78,-18.67231
2066.38,-26.95247,2066.38,10.9415,2066.38,-44.4929,2066.38,-14.12048,2066.38,-27.99589,2066.38,-18.09043
2064.97,-19.75291,2064.97,13.02499,2064.97,-47.46931,2064.97,-16.93028,2064.97,-29.42762,2064.97,-25.98904
2063.56,-20.53263,2063.56,18.79056,2063.56,-41.64638,2063.56,-22.03473,2063.56,-27.94986,2063.56,-26.54692
2062.16,-15.07446,2062.16,15.28872,2062.16,-40.07358,2062.16,-20.90795,2062.16,-32.58771,2062.16,-30.028
2060.75,-15.77987,2060.75,11.73222,2060.75,-37.54515,2060.75,-23.36094,2060.75,-31.20315,2060.75,-31.53364
2059.34,-20.86271,2059.34,12.89754,2059.34,-33.6919,2059.34,-20.23158,2059.34,-33.19166,2059.34,-31.07182
2057.93,-22.53836,2057.93,14.34784,2057.93,-27.41997,2057.93,-20.20566,2057.93,-35.99623,2057.93,-29.44547
2056.52,-19.42684,2056.52,4.09328,2056.52,-24.21647,2056.52,-16.00929,2056.52,-31.38657,2056.52,-26.82789
2055.12,-21.61869,2055.12,-8.02535,2055.12,-21.75014,2055.12,-17.52259,2055.12,-33.03133,2055.12,-22.42969
2053.71,-14.565,2053.71,-6.74352,2053.71,-17.66375,2053.71,-13.43742,2053.71,-32.92542,2053.71,-18.32945
2052.3,-15.16767,2052.3,-11.255,2052.3,-20.9527,2052.3,-11.22773,2052.3,-39.83696,2052.3,-18.76714
2050.89,-13.34977,2050.89,-17.39146,2050.89,-18.5027,2050.89,-13.54156,2050.89,-36.77802,2050.89,-21.11805
2049.48,-9.51883,2049.48,-17.93127,2049.48,-20.12096,2049.48,-9.29623,2049.48,-32.82503,2049.48,-20.61429
2048.07,-1.78905,2048.07,-19.10912,2048.07,-20.22292,2048.07,-8.38221,2048.07,-31.20872,2048.07,-10.28029
2046.66,2.27329,2046.66,-19.08383,2046.66,-17.35017,2046.66,-1.34108,2046.66,-36.2498,2046.66,-5.60248
2045.25,-3.57425,2045.25,-19.38802,2045.25,-17.83038,2045.25,-2.67323,2045.25,-29.94322,2045.25,-4.96368
2043.84,-10.95608,2043.84,-15.24661,2043.84,-17.15161,2043.84,-1.26096,2043.84,-21.03891,2043.84,-0.029
2042.43,-12.73719,2042.43,-14.04698,2042.43,-14.88091,2042.43,1.15343,2042.43,-23.70288,2042.43,4.29887
2041.02,-10.86865,2041.02,-10.7678,2041.02,-25.30498,2041.02,-2.46589,2041.02,-25.60591,2041.02,5.00813
2039.6,-15.44416,2039.6,-2.83002,2039.6,-20.55193,2039.6,-4.1312,2039.6,-22.70565,2039.6,-0.04003
2038.19,-15.54619,2038.19,-1.90022,2038.19,-19.80566,2038.19,-2.09784,2038.19,-23.13183,2038.19,2.49143
2036.78,-13.35802,2036.78,-2.85636,2036.78,-19.0269,2036.78,-4.84209,2036.78,-28.20427,2036.78,2.68353
2035.37,-14.59224,2035.37,-0.96201,2035.37,-11.59059,2035.37,-4.64563,2035.37,-29.89458,2035.37,7.50175
2033.96,-12.7805,2033.96,-1.80652,2033.96,-8.64048,2033.96,-3.13361,2033.96,-31.89456,2033.96,5.93314
2032.54,-16.12079,2032.54,4.75306,2032.54,-11.02998,2032.54,-4.69419,2032.54,-32.75998,2032.54,7.51454
2031.13,-16.21433,2031.13,3.46337,2031.13,-10.38061,2031.13,-1.99574,2031.13,-28.58158,2031.13,10.49208
2029.72,-18.86722,2029.72,-3.09319,2029.72,-9.84413,2029.72,-2.6558,2029.72,-32.76864,2029.72,7.30076
2028.3,-18.8464,2028.3,-8.5848,2028.3,-8.70999,2028.3,0.19957,2028.3,-33.88856,2028.3,6.58303
2026.89,-21.10773,2026.89,-7.41553,2026.89,-7.173,2026.89,0.17019,2026.89,-36.03955,2026.89,7.50123
2025.48,-9.2883,2025.48,-0.99897,2025.48,-7.00621,2025.48,-0.43226,2025.48,-34.5465,2025.48,2.7592
2024.06,-6.95594,2024.06,-1.41056,2024.06,-10.35537,2024.06,-3.12994,2024.06,-31.82026,2024.06,-0.15425
2022.65,2.81594,2022.65,4.77669,2022.65,-8.61733,2022.65,-4.77654,2022.65,-24.06038,2022.65,-6.58892
2021.23,8.66738,2021.23,-0.69024,2021.23,-10.30941,2021.23,1.70102,2021.23,-18.30337,2021.23,-2.82249
2019.82,3.92788,2019.82,-0.046,2019.82,-4.81086,2019.82,-1.84345,2019.82,-14.93036,2019.82,0.40326
2018.4,1.94578,2018.4,-0.79283,2018.4,0.87842,2018.4,5.40385,2018.4,-7.56661,2018.4,-6.96548
2016.99,-0.4197,2016.99,-1.72773,2016.99,-2.47937,2016.99,-1.31258,2016.99,-3.56307,2016.99,-1.19909
2015.57,0.10955,2015.57,2.10616,2015.57,3.20558,2015.57,1.71045,2015.57,4.8421,2015.57,1.26621
2014.16,6.92655,2014.16,7.16195,2014.16,2.12177,2014.16,1.02513,2014.16,4.48022,2014.16,8.38548
2012.74,10.88232,2012.74,8.54961,2012.74,0.44812,2012.74,-1.6153,2012.74,11.0665,2012.74,1.44285
2011.32,13.78025,2011.32,11.7834,2011.32,-0.30817,2011.32,-7.12741,2011.32,16.2993,2011.32,1.40256
2009.91,16.20715,2009.91,7.03787,2009.91,-2.85677,2009.91,-13.01828,2009.91,12.72487,2009.91,7.07248
2008.49,15.52142,2008.49,1.72653,2008.49,-4.1392,2008.49,-18.96552,2008.49,10.27055,2008.49,6.94309
2007.07,15.27746,2007.07,4.48039,2007.07,-5.63649,2007.07,-19.18289,2007.07,5.24847,2007.07,0.70861
2005.66,15.79862,2005.66,-0.71936,2005.66,-9.97566,2005.66,-20.75766,2005.66,-4.65105,2005.66,-1.86691
2004.24,15.43517,2004.24,-5.40732,2004.24,-18.24481,2004.24,-24.2336,2004.24,-11.08457,2004.24,-1.67512
2002.82,14.17195,2002.82,-11.91578,2002.82,-17.49739,2002.82,-26.9561,2002.82,-15.25753,2002.82,2.93718
2001.4,8.43799,2001.4,-13.58195,2001.4,-18.86996,2001.4,-23.21917,2001.4,-27.17943,2001.4,-1.90218
1999.98,9.43458,1999.98,-8.62902,1999.98,-17.94836,1999.98,-21.8672,1999.98,-29.04194,1999.98,-5.71403
1998.57,12.37804,1998.57,-7.52772,1998.57,-18.22349,1998.57,-24.07205,1998.57,-29.57896,1998.57,-5.20356
1997.15,15.47778,1997.15,-4.48157,1997.15,-19.54619,1997.15,-27.62457,1997.15,-27.74918,1997.15,-5.50325
1995.73,11.89389,1995.73,-6.76688,1995.73,-16.90758,1995.73,-31.56063,1995.73,-28.14447,1995.73,-4.51585
1994.31,10.30878,1994.31,-9.37986,1994.31,-21.20262,1994.31,-23.30597,1994.31,-24.12807,1994.31,-10.42903
1992.89,6.45909,1992.89,-15.05863,1992.89,-16.35884,1992.89,-17.19897,1992.89,-22.73983,1992.89,-5.88365
1991.47,-2.47598,1991.47,-4.59072,1991.47,-13.18126,1991.47,-22.39976,1991.47,-16.12179,1991.47,-9.91287
1990.05,-0.93049,1990.05,-2.30413,1990.05,-16.01491,1990.05,-22.05132,1990.05,-11.14949,1990.05,-8.77684
1988.63,1.97017,1988.63,-2.14395,1988.63,-16.74378,1988.63,-24.44425,1988.63,-11.50124,1988.63,-2.08241
1987.21,7.04367,1987.21,-1.01589,1987.21,-13.31336,1987.21,-24.47478,1987.21,-4.16196,1987.21,-0.06572
1985.79,15.2207,1985.79,2.93622,1985.79,-17.87876,1985.79,-21.06139,1985.79,-2.95091,1985.79,3.46742
1984.36,19.75536,1984.36,-0.24724,1984.36,-12.62073,1984.36,-17.41223,1984.36,-2.39929,1984.36,-4.10211
1982.94,16.09856,1982.94,-0.01308,1982.94,-12.68638,1982.94,-17.02892,1982.94,-7.69318,1982.94,-6.07976
1981.52,14.79865,1981.52,-5.9002,1981.52,-9.06506,1981.52,-8.63667,1981.52,-14.67719,1981.52,-6.45203
1980.1,11.99535,1980.1,-4.16059,1980.1,-13.99628,1980.1,-6.42035,1980.1,-18.6086,1980.1,-2.87125
1978.68,10.30251,1978.68,-5.75026,1978.68,-9.99489,1978.68,-7.93555,1978.68,-24.41417,1978.68,-0.77071
1977.25,10.59408,1977.25,-4.53094,1977.25,-8.13138,1977.25,-6.51769,1977.25,-32.70036,1977.25,5.57253
1975.83,9.37928,1975.83,-3.13727,1975.83,-9.66484,1975.83,-3.95333,1975.83,-31.68776,1975.83,4.26608
1974.41,3.37383,1974.41,-1.01406,1974.41,-4.65152,1974.41,0.34963,1974.41,-34.88411,1974.41,7.34622
1972.99,5.98808,1972.99,-2.99238,1972.99,-4.45682,1972.99,7.1276,1972.99,-34.41006,1972.99,-2.85264
1971.56,5.82383,1971.56,-2.36774,1971.56,-3.53545,1971.56,9.83096,1971.56,-33.60335,1971.56,-0.42786
1970.14,7.11281,1970.14,-6.59145,1970.14,-0.37177,1970.14,5.97475,1970.14,-32.82528,1970.14,6.68269
1968.71,0.55744,1968.71,-9.95384,1968.71,-4.1464,1968.71,5.03793,1968.71,-23.43261,1968.71,7.93596
1967.29,0.68803,1967.29,-12.54645,1967.29,-4.76104,1967.29,0.32308,1967.29,-18.6158,1967.29,6.33026
1965.87,-1.98433,1965.87,-9.49982,1965.87,-15.05006,1965.87,3.72299,1965.87,-17.97894,1965.87,1.877
1964.44,-8.48012,1964.44,-6.35475,1964.44,-21.71732,1964.44,-1.81954,1964.44,-13.63775,1964.44,-5.12386
1963.02,-11.11152,1963.02,-8.43042,1963.02,-24.83493,1963.02,-9.96735,1963.02,-10.64852,1963.02,-3.817
1961.59,-7.78099,1961.59,-15.00012,1961.59,-26.83529,1961.59,-9.29568,1961.59,-13.89616,1961.59,-2.49875
1960.17,-5.55491,1960.17,-20.17169,1960.17,-30.57338,1960.17,-9.76217,1960.17,-16.50703,1960.17,-5.95667
1958.74,-6.46547,1958.74,-17.16171,1958.74,-32.85056,1958.74,-11.41269,1958.74,-16.28969,1958.74,-10.9922
1957.31,-1.80894,1957.31,-13.37446,1957.31,-35.74749,1957.31,-8.02569,1957.31,-28.15613,1957.31,-15.70934
1955.89,-7.97366,1955.89,-14.0744,1955.89,-27.43101,1955.89,-8.65023,1955.89,-28.95174,1955.89,-18.52742
1954.46,-10.92343,1954.46,-11.80961,1954.46,-26.77232,1954.46,-10.78881,1954.46,-36.67323,1954.46,-17.67145
1953.03,-8.91495,1953.03,-11.51169,1953.03,-29.96004,1953.03,-6.79348,1953.03,-44.71579,1953.03,-19.60085
1951.61,-12.3838,1951.61,-7.64961,1951.61,-26.41074,1951.61,-6.83596,1951.61,-51.04276,1951.61,-14.64321
1950.18,-10.66264,1950.18,-8.8124,1950.18,-21.42773,1950.18,-8.60033,1950.18,-55.35751,1950.18,-17.0415
1948.75,-15.89451,1948.75,-2.83007,1948.75,-20.64026,1948.75,-6.62328,1948.75,-58.80597,1948.75,-15.59573
1947.32,-12.76944,1947.32,-3.88593,1947.32,-13.14562,1947.32,-3.48387,1947.32,-60.32057,1947.32,-19.86699
1945.9,-10.24089,1945.9,-5.29919,1945.9,-12.83466,1945.9,-3.8755,1945.9,-67.3868,1945.9,-19.24666
1944.47,-5.8866,1944.47,-8.97209,1944.47,-11.28592,1944.47,-3.32812,1944.47,-67.84965,1944.47,-16.77037
1943.04,-9.14562,1943.04,-6.44814,1943.04,-9.44329,1943.04,-3.4021,1943.04,-66.84146,1943.04,-13.4516
1941.61,-6.57089,1941.61,-3.49062,1941.61,-3.44107,1941.61,-12.87074,1941.61,-62.73034,1941.61,-10.48802
1940.18,-7.35268,1940.18,-10.42756,1940.18,-8.53077,1940.18,-15.92326,1940.18,-52.59832,1940.18,-11.53457
1938.75,-4.40783,1938.75,-5.86172,1938.75,-12.65914,1938.75,-19.70613,1938.75,-56.07396,1938.75,-12.54747
1937.32,-7.24653,1937.32,-4.28901,1937.32,-21.07663,1937.32,-19.52653,1937.32,-52.08961,1937.32,-14.34121
1935.89,-4.51947,1935.89,-2.36101,1935.89,-23.73203,1935.89,-22.2514,1935.89,-44.33353,1935.89,-19.82035
1934.46,-2.31852,1934.46,-3.0952,1934.46,-22.00166,1934.46,-17.23001,1934.46,-42.22071,1934.46,-18.41577
1933.03,-4.94103,1933.03,-7.21499,1933.03,-27.2016,1933.03,-17.33065,1933.03,-39.73333,1933.03,-22.66094
1931.6,-7.10586,1931.6,-2.48767,1931.6,-34.36071,1931.6,-21.37857,1931.6,-33.8822,1931.6,-24.74661
1930.17,-4.74713,1930.17,7.10329,1930.17,-37.23346,1930.17,-22.76722,1930.17,-29.86188,1930.17,-30.20592
1928.74,-3.76948,1928.74,8.15249,1928.74,-40.83534,1928.74,-23.02469,1928.74,-30.74316,1928.74,-29.56915
1927.31,-7.50361,1927.31,7.41847,1927.31,-37.93006,1927.31,-21.74388,1927.31,-23.81938,1927.31,-28.78374
1925.88,-8.11685,1925.88,7.84936,1925.88,-39.23321,1925.88,-20.0154,1925.88,-32.22438,1925.88,-33.11552
1924.44,-9.85696,1924.44,5.73189,1924.44,-37.74747,1924.44,-18.23237,1924.44,-35.94955,1924.44,-38.51239
1923.01,-15.32861,1923.01,5.89436,1923.01,-32.93511,1923.01,-17.98892,1923.01,-37.7515,1923.01,-34.32884
1921.58,-14.88501,1921.58,5.28305,1921.58,-36.48783,1921.58,-21.32853,1921.58,-28.15245,1921.58,-31.9733
1920.15,-19.64476,1920.15,10.18297,1920.15,-29.16768,1920.15,-21.69889,1920.15,-30.27052,1920.15,-29.85409
1918.71,-17.20023,1918.71,7.83568,1918.71,-24.27969,1918.71,-20.29995,1918.71,-37.04816,1918.71,-31.39491
1917.28,-16.68321,1917.28,10.16171,1917.28,-31.75721,1917.28,-22.63374,1917.28,-38.15335,1917.28,-24.99994
1915.85,-17.88191,1915.85,12.48506,1915.85,-29.57128,1915.85,-25.33386,1915.85,-38.52014,1915.85,-23.12034
1914.41,-17.84391,1914.41,10.7609,1914.41,-31.85437,1914.41,-28.17467,1914.41,-38.04149,1914.41,-31.11422
1912.98,-13.69309,1912.98,7.37543,1912.98,-26.42977,1912.98,-35.64884,1912.98,-36.16267,1912.98,-21.66054
1911.54,-11.08485,1911.54,0.7004,1911.54,-28.21797,1911.54,-34.92786,1911.54,-31.81768,1911.54,-25.65837
1910.11,-9.63515,1910.11,4.89815,1910.11,-29.72444,1910.11,-34.1515,1910.11,-34.8017,1910.11,-25.43652
1908.68,-7.72751,1908.68,3.13851,1908.68,-30.43186,1908.68,-34.2833,1908.68,-35.3389,1908.68,-23.33174
1907.24,-5.48776,1907.24,-3.91506,1907.24,-30.69888,1907.24,-38.13518,1907.24,-36.4888,1907.24,-22.58627
1905.8,-9.56936,1905.8,-14.23088,1905.8,-31.06377,1905.8,-36.68847,1905.8,-38.07755,1905.8,-20.35003
1904.37,-12.84588,1904.37,-18.33458,1904.37,-35.3366,1904.37,-37.11204,1904.37,-38.55285,1904.37,-18.61281
1902.93,-10.31365,1902.93,-15.92291,1902.93,-34.93739,1902.93,-36.62354,1902.93,-39.64969,1902.93,-22.3278
1901.5,-11.95754,1901.5,-17.99737,1901.5,-34.84922,1901.5,-39.12173,1901.5,-37.38997,1901.5,-26.71368
1900.06,-12.93377,1900.06,-27.89203,1900.06,-37.09031,1900.06,-40.00523,1900.06,-42.42945,1900.06,-28.00016
1898.62,-15.25499,1898.62,-35.05596,1898.62,-34.04085,1898.62,-33.88664,1898.62,-48.7473,1898.62,-30.67603
1897.19,-14.40047,1897.19,-38.20938,1897.19,-30.11723,1897.19,-30.94044,1897.19,-62.76524,1897.19,-30.32543
1895.75,-11.52492,1895.75,-42.5974,1895.75,-29.97956,1895.75,-28.00836,1895.75,-66.95895,1895.75,-28.12858
1894.31,-13.62318,1894.31,-46.01098,1894.31,-37.68848,1894.31,-22.0157,1894.31,-66.47139,1894.31,-19.62124
1892.88,-14.26721,1892.88,-47.2386,1892.88,-32.50313,1892.88,-18.64325,1892.88,-64.60496,1892.88,-24.51933
1891.44,-15.74789,1891.44,-41.82413,1891.44,-28.05515,1891.44,-12.42292,1891.44,-74.92017,1891.44,-25.29138
1890,-17.7913,1890,-39.75806,1890,-26.67677,1890,-8.75183,1890,-82.44798,1890,-25.89406
1888.56,-15.01054,1888.56,-35.63141,1888.56,-27.22382,1888.56,-12.65257,1888.56,-81.58119,1888.56,-22.91797
1887.12,-12.78573,1887.12,-34.82153,1887.12,-21.45373,1887.12,-13.41074,1887.12,-78.4906,1887.12,-30.24926
1885.68,-14.97453,1885.68,-36.10883,1885.68,-18.0787,1885.68,-12.37539,1885.68,-78.73689,1885.68,-29.15628
1884.24,-11.8515,1884.24,-38.9607,1884.24,-13.83361,1884.24,-15.5957,1884.24,-76.40234,1884.24,-23.77357
1882.81,-11.06944,1882.81,-42.60607,1882.81,-13.59179,1882.81,-20.01602,1882.81,-71.27578,1882.81,-31.87613
1881.37,-14.28782,1881.37,-43.23554,1881.37,-16.45917,1881.37,-21.62056,1881.37,-69.3429,1881.37,-29.83495
1879.93,-19.75634,1879.93,-43.67668,1879.93,-15.84426,1879.93,-24.38856,1879.93,-67.53946,1879.93,-28.45274
1878.49,-22.16069,1878.49,-38.92673,1878.49,-23.06281,1878.49,-22.97779,1878.49,-59.61881,1878.49,-26.41624
1877.04,-28.88709,1877.04,-35.33122,1877.04,-26.24863,1877.04,-27.07697,1877.04,-52.40654,1877.04,-28.2034
1875.6,-32.77576,1875.6,-33.35194,1875.6,-31.4724,1875.6,-25.37769,1875.6,-40.1895,1875.6,-32.14438
1874.16,-31.20596,1874.16,-31.63311,1874.16,-35.67719,1874.16,-26.38075,1874.16,-35.21443,1874.16,-36.05501
1872.72,-35.49894,1872.72,-29.78262,1872.72,-38.88472,1872.72,-26.92846,1872.72,-30.2434,1872.72,-35.76322
1871.28,-32.76628,1871.28,-36.36845,1871.28,-38.78058,1871.28,-20.90336,1871.28,-30.40959,1871.28,-37.78852
1869.84,-33.1215,1869.84,-35.74993,1869.84,-36.21058,1869.84,-10.28266,1869.84,-24.72941,1869.84,-37.33218
1868.4,-28.12938,1868.4,-35.54223,1868.4,-35.15727,1868.4,-3.70015,1868.4,-28.69061,1868.4,-36.72529
1866.95,-26.82502,1866.95,-40.53944,1866.95,-41.8279,1866.95,3.57573,1866.95,-25.46413,1866.95,-36.18605
1865.51,-27.8307,1865.51,-40.39124,1865.51,-43.33109,1865.51,6.23213,1865.51,-21.57447,1865.51,-32.20217
1864.07,-27.56495,1864.07,-36.39495,1864.07,-40.36443,1864.07,11.40498,1864.07,-24.81186,1864.07,-38.35075
1862.63,-25.39389,1862.63,-35.16155,1862.63,-47.41884,1862.63,9.6171,1862.63,-27.37757,1862.63,-38.64805
1861.18,-28.22032,1861.18,-37.49631,1861.18,-43.80734,1861.18,2.96406,1861.18,-31.29354,1861.18,-39.06895
1859.74,-29.3611,1859.74,-42.12851,1859.74,-49.42657,1859.74,6.60864,1859.74,-31.12261,1859.74,-38.96934
1858.3,-31.98717,1858.3,-44.51298,1858.3,-42.71372,1858.3,7.92724,1858.3,-30.24055,1858.3,-41.93621
1856.85,-31.14243,1856.85,-52.03265,1856.85,-36.75649,1856.85,8.13174,1856.85,-36.57243,1856.85,-32.37282
1855.41,-31.01902,1855.41,-54.24632,1855.41,-34.58183,1855.41,5.36183,1855.41,-35.98899,1855.41,-34.3145
1853.96,-30.36157,1853.96,-51.82997,1853.96,-31.46931,1853.96,1.75023,1853.96,-39.99508,1853.96,-32.4513
1852.52,-32.31759,1852.52,-49.03115,1852.52,-29.45315,1852.52,5.21974,1852.52,-43.8613,1852.52,-30.14369
1851.07,-36.97533,1851.07,-43.85421,1851.07,-27.62736,1851.07,3.12388,1851.07,-48.00509,1851.07,-23.67772
1849.63,-34.31205,1849.63,-42.69504,1849.63,-31.13694,1849.63,3.72248,1849.63,-48.4964,1849.63,-24.97435
1848.18,-36.20547,1848.18,-44.05186,1848.18,-23.11012,1848.18,-5.07061,1848.18,-42.6298,1848.18,-26.08068
1846.74,-31.99169,1846.74,-38.92726,1846.74,-26.16041,1846.74,-0.14301,1846.74,-41.67254,1846.74,-27.33623
1845.29,-33.50072,1845.29,-37.38784,1845.29,-25.50694,1845.29,1.1155,1845.29,-44.06933,1845.29,-25.70325
1843.84,-32.4406,1843.84,-36.60018,1843.84,-18.88079,1843.84,4.52631,1843.84,-52.11541,1843.84,-26.39264
1842.4,-32.64697,1842.4,-36.77559,1842.4,-13.32357,1842.4,6.87966,1842.4,-53.1442,1842.4,-28.70467
1840.95,-32.17795,1840.95,-35.28665,1840.95,-9.49731,1840.95,8.16604,1840.95,-53.3298,1840.95,-28.35759
1839.5,-25.13368,1839.5,-32.6701,1839.5,-8.61295,1839.5,5.51483,1839.5,-55.41673,1839.5,-29.39588
1838.05,-17.6757,1838.05,-31.88432,1838.05,-13.36464,1838.05,1.32774,1838.05,-51.00617,1838.05,-31.26079
1836.61,-11.77041,1836.61,-29.59642,1836.61,-17.98381,1836.61,-0.2739,1836.61,-47.86998,1836.61,-30.11082
1835.16,-11.85712,1835.16,-28.92949,1835.16,-24.96249,1835.16,-7.67792,1835.16,-45.70393,1835.16,-32.24371
1833.71,-8.00515,1833.71,-28.25759,1833.71,-26.77279,1833.71,-14.73946,1833.71,-42.32133,1833.71,-31.1808
1832.26,-9.06879,1832.26,-31.84808,1832.26,-29.88479,1832.26,-18.21026,1832.26,-40.4449,1832.26,-26.62171
1830.81,-7.84775,1830.81,-35.19522,1830.81,-36.08259,1830.81,-15.44037,1830.81,-39.31596,1830.81,-29.40954
1829.36,-7.98798,1829.36,-30.96421,1829.36,-30.54469,1829.36,-17.83943,1829.36,-32.44276,1829.36,-25.28051
1827.91,-5.5646,1827.91,-29.26587,1827.91,-28.26925,1827.91,-16.05784,1827.91,-39.71536,1827.91,-22.01719
1826.46,-7.49662,1826.46,-22.30435,1826.46,-28.8807,1826.46,-14.23286,1826.46,-44.80766,1826.46,-23.57387
1825.02,-4.05681,1825.02,-25.34629,1825.02,-29.57891,1825.02,-11.3459,1825.02,-50.94458,1825.02,-17.08877
1823.56,-8.76799,1823.56,-24.75877,1823.56,-29.18549,1823.56,-12.10791,1823.56,-56.52994,1823.56,-16.96111
1822.11,-15.22446,1822.11,-24.50409,1822.11,-29.70441,1822.11,-15.8567,1822.11,-53.62131,1822.11,-13.96233
1820.66,-13.88486,1820.66,-25.06106,1820.66,-36.02018,1820.66,-14.85677,1820.66,-45.50121,1820.66,-18.38884
1819.21,-16.84824,1819.21,-24.41942,1819.21,-39.11895,1819.21,-19.48979,1819.21,-41.70153,1819.21,-22.34223
1817.76,-16.43695,1817.76,-24.77622,1817.76,-44.81063,1817.76,-14.83482,1817.76,-47.12932,1817.76,-23.22949
1816.31,-23.25686,1816.31,-32.95807,1816.31,-42.25904,1816.31,-16.83351,1816.31,-51.25649,1816.31,-22.90203
1814.86,-26.52748,1814.86,-29.92668,1814.86,-41.57317,1814.86,-13.34223,1814.86,-56.47553,1814.86,-24.32079
1813.41,-36.48951,1813.41,-24.81833,1813.41,-42.70299,1813.41,-12.43102,1813.41,-52.11388,1813.41,-24.94687
1811.95,-34.33507,1811.95,-26.81059,1811.95,-43.45968,1811.95,-12.28218,1811.95,-49.60375,1811.95,-25.73002
1810.5,-27.86801,1810.5,-20.35415,1810.5,-43.56327,1810.5,-13.01307,1810.5,-48.75818,1810.5,-29.13261
1809.05,-24.31654,1809.05,-24.4737,1809.05,-45.84137,1809.05,-9.13376,1809.05,-42.12448,1809.05,-30.96248
1807.6,-25.21092,1807.6,-26.67399,1807.6,-42.27364,1807.6,-6.22215,1807.6,-43.483,1807.6,-30.75886
1806.14,-28.96024,1806.14,-27.75436,1806.14,-38.06502,1806.14,-8.85938,1806.14,-44.2762,1806.14,-34.46791
1804.69,-24.16617,1804.69,-26.74276,1804.69,-41.20346,1804.69,-5.11829,1804.69,-50.59727,1804.69,-33.20031
1803.24,-26.43751,1803.24,-29.85609,1803.24,-47.03896,1803.24,-5.56134,1803.24,-51.33073,1803.24,-36.0238
1801.78,-26.72022,1801.78,-27.408,1801.78,-49.21302,1801.78,-3.7401,1801.78,-56.07697,1801.78,-41.85118
1800.33,-32.65257,1800.33,-21.82128,1800.33,-40.83717,1800.33,-4.25821,1800.33,-59.86503,1800.33,-41.27251
1798.87,-33.94387,1798.87,-29.72538,1798.87,-34.83425,1798.87,-2.43139,1798.87,-68.60072,1798.87,-44.48186
1797.42,-32.4524,1797.42,-32.0477,1797.42,-36.0023,1797.42,-5.12979,1797.42,-69.28729,1797.42,-44.0655
1795.96,-32.635,1795.96,-34.53883,1795.96,-36.99218,1795.96,-7.0815,1795.96,-67.23346,1795.96,-46.50862
1794.51,-40.12273,1794.51,-36.05379,1794.51,-32.69391,1794.51,-9.60484,1794.51,-64.15066,1794.51,-48.44278
1793.05,-40.9574,1793.05,-41.27562,1793.05,-35.18857,1793.05,-14.19602,1793.05,-59.17265,1793.05,-47.14933
1791.6,-34.51648,1791.6,-45.68595,1791.6,-38.80389,1791.6,-16.6878,1791.6,-54.06913,1791.6,-50.02058
1790.14,-37.92309,1790.14,-45.42173,1790.14,-39.50745,1790.14,-21.40782,1790.14,-53.22247,1790.14,-55.98834
1788.68,-31.75766,1788.68,-47.50271,1788.68,-36.84037,1788.68,-19.90313,1788.68,-48.85298,1788.68,-54.39471
1787.23,-35.85856,1787.23,-46.02741,1787.23,-41.27626,1787.23,-21.36656,1787.23,-47.29586,1787.23,-55.29796
1785.77,-32.61907,1785.77,-38.7772,1785.77,-45.15362,1785.77,-14.70989,1785.77,-38.32764,1785.77,-53.27897
1784.31,-27.86325,1784.31,-35.74446,1784.31,-47.9115,1784.31,-13.79357,1784.31,-32.67457,1784.31,-47.99996
1782.86,-20.23154,1782.86,-32.66316,1782.86,-55.65701,1782.86,-12.17432,1782.86,-33.95966,1782.86,-47.84735
1781.4,-12.93043,1781.4,-29.031,1781.4,-54.25982,1781.4,-7.37111,1781.4,-32.42895,1781.4,-41.71775
1779.94,-9.43915,1779.94,-25.7297,1779.94,-59.95305,1779.94,-2.63984,1779.94,-30.01581,1779.94,-38.96515
1778.48,-11.52775,1778.48,-23.23937,1778.48,-61.2388,1778.48,-5.80559,1778.48,-40.36145,1778.48,-33.6039
1777.02,-13.34697,1777.02,-20.61552,1777.02,-59.7169,1777.02,-1.18648,1777.02,-43.49721,1777.02,-30.96196
1775.56,-7.68129,1775.56,-15.17683,1775.56,-61.83186,1775.56,2.53418,1775.56,-46.87971,1775.56,-25.49522
1774.11,-9.2538,1774.11,-13.68689,1774.11,-64.1092,1774.11,4.19316,1774.11,-41.89019,1774.11,-25.53989
1772.65,-13.17638,1772.65,-15.04657,1772.65,-62.42794,1772.65,2.44871,1772.65,-41.6083,1772.65,-18.78716
1771.19,-13.51712,1771.19,-20.15865,1771.19,-56.23181,1771.19,-2.43613,1771.19,-39.93101,1771.19,-14.80602
1769.73,-9.03462,1769.73,-25.70908,1769.73,-55.51164,1769.73,1.94435,1769.73,-35.25738,1769.73,-13.87221
1768.27,-5.00873,1768.27,-22.87425,1768.27,-57.60884,1768.27,1.1196,1768.27,-35.70887,1768.27,-15.60334
1766.81,-5.21421,1766.81,-23.20239,1766.81,-49.41899,1766.81,8.54706,1766.81,-36.54852,1766.81,-20.04587
1765.35,-7.21082,1765.35,-31.289,1765.35,-43.6456,1765.35,12.29682,1765.35,-35.29995,1765.35,-21.28212
1763.89,-6.44205,1763.89,-33.97062,1763.89,-40.12272,1763.89,8.21327,1763.89,-40.31501,1763.89,-22.67643
1762.42,-3.90394,1762.42,-31.11251,1762.42,-35.92065,1762.42,6.95145,1762.42,-39.85058,1762.42,-27.81966
1760.96,-4.18362,1760.96,-25.64454,1760.96,-37.99977,1760.96,9.81485,1760.96,-37.98276,1760.96,-30.40462
1759.5,3.1345,1759.5,-31.01923,1759.5,-35.51511,1759.5,9.37001,1759.5,-34.6725,1759.5,-33.31116
1758.04,-3.02252,1758.04,-28.56762,1758.04,-29.99768,1758.04,7.58554,1758.04,-34.79917,1758.04,-31.59311
1756.58,-1.00525,1756.58,-28.42319,1756.58,-27.63173,1756.58,6.29838,1756.58,-28.79202,1756.58,-32.19168
1755.11,-2.40546,1755.11,-31.55314,1755.11,-25.70655,1755.11,-2.07509,1755.11,-25.78838,1755.11,-36.38626
1753.65,-6.01007,1753.65,-30.57535,1753.65,-27.37285,1753.65,-2.20121,1753.65,-29.54592,1753.65,-37.61179
1752.19,-5.16383,1752.19,-28.64567,1752.19,-20.17981,1752.19,-5.0239,1752.19,-28.17629,1752.19,-38.37002
1750.73,-8.17291,1750.73,-25.21461,1750.73,-22.12721,1750.73,-8.78534,1750.73,-28.4769,1750.73,-38.60647
1749.26,-11.86001,1749.26,-27.76075,1749.26,-18.53976,1749.26,-9.11696,1749.26,-29.96024,1749.26,-42.22495
1747.8,-13.923,1747.8,-29.90404,1747.8,-11.17932,1747.8,-2.63294,1747.8,-28.0286,1747.8,-40.40723
1746.33,-15.17797,1746.33,-31.83343,1746.33,-11.84781,1746.33,-1.24448,1746.33,-25.71712,1746.33,-37.50877
1744.87,-21.72638,1744.87,-31.44322,1744.87,-18.09607,1744.87,-3.72621,1744.87,-24.2104,1744.87,-30.19696
1743.4,-23.13638,1743.4,-34.53802,1743.4,-17.60236,1743.4,-4.22208,1743.4,-21.93248,1743.4,-22.32144
1741.94,-19.55707,1741.94,-30.58729,1741.94,-15.69246,1741.94,1.27911,1741.94,-20.51903,1741.94,-21.30734
1740.48,-17.0246,1740.48,-26.18878,1740.48,-18.38885,1740.48,2.69682,1740.48,-22.62919,1740.48,-25.25729
1739.01,-17.44226,1739.01,-22.2611,1739.01,-19.08741,1739.01,2.05259,1739.01,-28.88966,1739.01,-28.32124
1737.54,-12.4755,1737.54,-19.38565,1737.54,-18.96153,1737.54,8.13903,1737.54,-35.53128,1737.54,-31.53118
1736.08,-9.92073,1736.08,-17.48113,1736.08,-23.51847,1736.08,11.39992,1736.08,-37.1846,1736.08,-25.37475
1734.61,-5.99405,1734.61,-19.37704,1734.61,-27.37522,1734.61,11.52192,1734.61,-37.93902,1734.61,-26.1096
1733.15,0.61965,1733.15,-15.27249,1733.15,-32.69957,1733.15,12.04672,1733.15,-40.01053,1733.15,-30.82608
1731.68,2.72419,1731.68,-9.0578,1731.68,-37.72458,1731.68,10.73968,1731.68,-36.55658,1731.68,-28.75367
1730.21,-4.88995,1730.21,-14.83631,1730.21,-37.18086,1730.21,7.82417,1730.21,-36.44426,1730.21,-31.31113
1728.74,-13.89309,1728.74,-8.92954,1728.74,-33.9425,1728.74,5.46107,1728.74,-39.84464,1728.74,-31.9556
1727.28,-13.67446,1727.28,-9.5946,1727.28,-37.68981,1727.28,1.58245,1727.28,-36.43677,1727.28,-36.33776
1725.81,-14.19742,1725.81,-7.85536,1725.81,-33.8373,1725.81,-3.40067,1725.81,-37.03726,1725.81,-34.03988
1724.34,-14.14688,1724.34,-4.45357,1724.34,-35.49205,1724.34,-0.35519,1724.34,-41.57849,1724.34,-33.32484
1722.87,-5.63938,1722.87,-0.37928,1722.87,-40.49581,1722.87,-2.6628,1722.87,-37.86931,1722.87,-28.61716
1721.4,-2.74703,1721.4,-1.7404,1721.4,-43.95353,1721.4,-2.15206,1721.4,-40.05411,1721.4,-25.39624
1719.94,-2.25018,1719.94,-3.93133,1719.94,-41.63306,1719.94,4.53335,1719.94,-41.2316,1719.94,-24.42892
1718.47,-2.78301,1718.47,-6.27849,1718.47,-40.46916,1718.47,6.42394,1718.47,-43.65832,1718.47,-17.19033
1717,-4.5974,1717,-7.41878,1717,-39.54912,1717,3.44789,1717,-40.74013,1717,-15.9571
1715.53,-5.903,1715.53,-7.1229,1715.53,-38.78931,1715.53,5.73369,1715.53,-36.59465,1715.53,-10.28287
1714.06,-1.49103,1714.06,-9.1367,1714.06,-37.49214,1714.06,8.23337,1714.06,-33.52148,1714.06,-12.63458
1712.59,1.24863,1712.59,-7.85483,1712.59,-31.57641,1712.59,6.75688,1712.59,-29.82748,1712.59,-13.33406
1711.12,8.78926,1711.12,-12.67492,1711.12,-27.07038,1711.12,0.92548,1711.12,-31.72167,1711.12,-15.62046
1709.65,11.64615,1709.65,-14.92483,1709.65,-21.99001,1709.65,2.90342,1709.65,-30.1456,1709.65,-13.71124
1708.18,17.15108,1708.18,-17.74679,1708.18,-20.46188,1708.18,13.35629,1708.18,-31.09096,1708.18,-14.72786
1706.7,17.7835,1706.7,-21.69498,1706.7,-17.56242,1706.7,18.94696,1706.7,-25.12172,1706.7,-15.7211
1705.23,20.6756,1705.23,-34.07546,1705.23,-14.47249,1705.23,24.44223,1705.23,-16.33448,1705.23,-20.09135
1703.76,15.6719,1703.76,-32.0981,1703.76,-10.56652,1703.76,26.73914,1703.76,-12.62354,1703.76,-26.57322
1702.29,8.02866,1702.29,-29.96574,1702.29,-6.34105,1702.29,26.61734,1702.29,-10.97294,1702.29,-24.37254
1700.82,-3.9445,1700.82,-31.95506,1700.82,-0.70324,1700.82,29.49252,1700.82,-11.61974,1700.82,-25.1766
1699.34,-9.40075,1699.34,-20.92069,1699.34,4.86701,1699.34,26.95371,1699.34,-8.45325,1699.34,-27.57399
1697.87,-12.19269,1697.87,-16.64657,1697.87,9.37562,1697.87,25.96726,1697.87,-2.9976,1697.87,-30.23016
1696.4,-13.54591,1696.4,-12.47731,1696.4,10.47308,1696.4,24.91177,1696.4,-6.78275,1696.4,-31.15437
1694.92,-13.85653,1694.92,-5.05685,1694.92,8.46744,1694.92,26.17349,1694.92,-7.2531,1694.92,-26.84005
1693.45,-11.59807,1693.45,1.20588,1693.45,4.75515,1693.45,22.9297,1693.45,-6.55064,1693.45,-22.35837
1691.98,-17.65859,1691.98,10.40729,1691.98,8.14165,1691.98,20.32756,1691.98,-11.9967,1691.98,-21.68813
1690.5,-14.38175,1690.5,14.09715,1690.5,11.06389,1690.5,21.45237,1690.5,-15.32173,1690.5,-17.64518
1689.03,-15.79459,1689.03,17.78898,1689.03,8.07115,1689.03,19.36027,1689.03,-13.25714,1689.03,-18.54892
1687.55,-14.63608,1687.55,17.58971,1687.55,13.79189,1687.55,16.34261,1687.55,-10.64301,1687.55,-14.00303
1686.08,-15.35857,1686.08,20.92239,1686.08,8.62126,1686.08,21.32226,1686.08,-16.41607,1686.08,-11.62524
1684.6,-7.843,1684.6,23.58536,1684.6,2.81881,1684.6,19.07763,1684.6,-16.77416,1684.6,-13.04807
1683.13,-2.40215,1683.13,24.07276,1683.13,2.58447,1683.13,14.60598,1683.13,-14.60298,1683.13,-9.27015
1681.65,1.16274,1681.65,22.90515,1681.65,-2.83563,1681.65,13.12227,1681.65,-16.78931,1681.65,-9.46077
1680.18,4.3979,1680.18,18.61681,1680.18,-7.48882,1680.18,17.27074,1680.18,-10.82606,1680.18,-6.83287
1678.7,6.54645,1678.7,12.68062,1678.7,-5.23933,1678.7,21.04799,1678.7,-13.15299,1678.7,-5.84153
1677.22,11.19428,1677.22,6.01577,1677.22,-3.70811,1677.22,19.04031,1677.22,-7.6181,1677.22,-3.41175
1675.75,17.43529,1675.75,-2.44843,1675.75,-5.00102,1675.75,20.6992,1675.75,-4.66189,1675.75,0.53224
1674.27,13.55241,1674.27,0.08902,1674.27,-6.25739,1674.27,15.03397,1674.27,1.18016,1674.27,-7.79976
1672.79,11.51211,1672.79,0.65257,1672.79,-3.75238,1672.79,11.91077,1672.79,-3.29565,1672.79,-4.99729
1671.31,10.76566,1671.31,1.73486,1671.31,-0.32618,1671.31,8.90453,1671.31,-2.69806,1671.31,-7.46275
1669.84,3.20247,1669.84,1.51057,1669.84,-4.52357,1669.84,1.69451,1669.84,-3.67398,1669.84,-10.90516
1668.36,3.8775,1668.36,-2.40282,1668.36,0.1205,1668.36,0.08155,1668.36,-0.8906,1668.36,-7.82573
1666.88,0.98617,1666.88,-3.43289,1666.88,-0.4952,1666.88,-0.64117,1666.88,-1.71713,1666.88,-1.70878
1665.4,-2.00012,1665.4,4.53161,1665.4,0.30734,1665.4,0.48273,1665.4,2.10406,1665.4,2.22589
1663.92,-0.00235,1663.92,10.55938,1663.92,1.67767,1663.92,1.81641,1663.92,3.90869,1663.92,6.32224
1662.44,-2.99124,1662.44,20.03871,1662.44,2.59393,1662.44,-1.39357,1662.44,3.32531,1662.44,10.90409
1660.96,2.6223,1660.96,23.91633,1660.96,6.97265,1660.96,1.47653,1660.96,5.01353,1660.96,7.81546
1659.48,-4.568,1659.48,27.26227,1659.48,6.2797,1659.48,3.16276,1659.48,12.96186,1659.48,6.25524
1658,-3.80368,1658,25.19608,1658,11.40757,1658,2.20259,1658,9.53359,1658,7.95213
1656.52,-9.16174,1656.52,37.43953,1656.52,5.37924,1656.52,5.91329,1656.52,11.05739,1656.52,9.7654
1655.04,-6.39364,1655.04,41.64002,1655.04,4.14127,1655.04,10.67105,1655.04,17.06207,1655.04,10.94615
1653.56,-3.88649,1653.56,44.28128,1653.56,1.58516,1653.56,9.36083,1653.56,16.60957,1653.56,11.0886
1652.08,-2.12001,1652.08,43.48336,1652.08,1.89106,1652.08,13.10444,1652.08,18.69019,1652.08,8.17635
1650.6,4.54238,1650.6,42.53296,1650.6,3.64689,1650.6,17.95521,1650.6,22.89704,1650.6,7.37483
1649.12,6.94975,1649.12,38.69918,1649.12,7.97619,1649.12,12.28498,1649.12,14.51916,1649.12,8.40151
1647.64,12.84769,1647.64,39.00895,1647.64,8.97285,1647.64,14.56938,1647.64,16.82918,1647.64,5.57569
1646.15,18.92211,1646.15,35.90099,1646.15,6.69201,1646.15,24.0095,1646.15,18.33844,1646.15,2.38259
1644.67,14.78604,1644.67,39.91452,1644.67,11.25393,1644.67,30.65835,1644.67,21.83526,1644.67,-8.06932
1643.19,18.50571,1643.19,40.52358,1643.19,16.76014,1643.19,29.88548,1643.19,13.68885,1643.19,-4.6514
1641.7,24.11106,1641.7,41.97129,1641.7,13.44503,1641.7,29.81659,1641.7,12.22454,1641.7,-11.2445
1640.22,17.73371,1640.22,45.38172,1640.22,14.92946,1640.22,29.68337,1640.22,15.4347,1640.22,-11.33129
1638.74,23.39454,1638.74,47.58223,1638.74,22.68122,1638.74,33.54103,1638.74,27.03223,1638.74,-6.34699
1637.25,22.33719,1637.25,55.2759,1637.25,22.90186,1637.25,36.64725,1637.25,31.70768,1637.25,-1.2524
1635.77,24.17294,1635.77,63.21486,1635.77,26.07547,1635.77,39.42238,1635.77,42.42825,1635.77,3.57767
1634.29,27.54385,1634.29,74.52644,1634.29,30.83818,1634.29,45.26698,1634.29,44.39274,1634.29,11.89617
1632.8,25.3007,1632.8,86.39025,1632.8,34.97319,1632.8,46.99879,1632.8,47.12594,1632.8,18.63808
1631.32,31.17271,1631.32,94.37985,1631.32,39.88151,1631.32,54.13224,1631.32,53.61067,1631.32,25.11483
1629.83,27.03047,1629.83,99.25113,1629.83,43.26227,1629.83,50.92897,1629.83,62.2076,1629.83,34.22474
1628.34,36.95861,1628.34,108.02009,1628.34,47.94076,1628.34,54.12355,1628.34,69.84568,1628.34,43.9096
1626.86,41.08084,1626.86,122.0877,1626.86,53.69598,1626.86,58.20184,1626.86,82.00261,1626.86,56.04301
1625.37,46.03764,1625.37,132.28727,1625.37,55.28604,1625.37,69.94208,1625.37,86.56951,1625.37,60.6202
1623.89,46.46143,1623.89,144.79999,1623.89,59.35774,1623.89,71.94746,1623.89,93.01693,1623.89,68.47278
1622.4,51.43625,1622.4,154.79646,1622.4,65.65042,1622.4,76.40837,1622.4,102.24759,1622.4,79.89371
1620.91,56.31307,1620.91,175.16023,1620.91,77.29924,1620.91,81.19912,1620.91,112.59922,1620.91,86.17833
1619.43,55.60191,1619.43,190.68396,1619.43,85.7067,1619.43,86.8641,1619.43,117.62215,1619.43,94.82929
1617.94,61.81144,1617.94,212.44759,1617.94,90.87368,1617.94,105.30716,1617.94,132.52933,1617.94,99.22852
1616.45,60.20414,1616.45,230.71135,1616.45,100.56204,1616.45,115.63375,1616.45,143.80007,1616.45,104.36469
1614.96,56.68439,1614.96,252.78824,1614.96,112.87829,1614.96,119.35991,1614.96,153.17952,1614.96,106.2303
1613.48,62.9312,1613.48,269.92237,1613.48,121.20212,1613.48,122.03748,1613.48,173.06899,1613.48,112.61035
1611.99,71.11869,1611.99,296.88928,1611.99,129.11075,1611.99,125.11332,1611.99,200.64826,1611.99,109.3677
1610.5,73.57541,1610.5,325.26478,1610.5,143.23296,1610.5,127.38091,1610.5,228.94474,1610.5,113.66959
1609.01,80.78632,1609.01,347.17274,1609.01,159.75945,1609.01,137.22755,1609.01,252.86319,1609.01,125.52116
1607.52,87.26378,1607.52,367.45698,1607.52,170.3223,1607.52,138.56713,1607.52,271.5928,1607.52,133.20716
1606.03,92.05751,1606.03,383.58846,1606.03,180.06363,1606.03,145.46094,1606.03,291.49842,1606.03,138.42568
1604.54,100.03696,1604.54,399.4739,1604.54,194.79352,1604.54,156.67693,1604.54,305.58595,1604.54,150.31261
1603.05,109.57528,1603.05,413.06407,1603.05,211.73699,1603.05,171.0164,1603.05,327.06012,1603.05,160.95379
1601.56,121.4447,1601.56,421.85404,1601.56,221.14022,1601.56,177.40466,1601.56,343.89637,1601.56,170.1422
1600.07,131.10381,1600.07,433.38745,1600.07,237.60848,1600.07,186.65498,1600.07,366.44522,1600.07,181.25524
1598.58,149.16681,1598.58,454.62811,1598.58,248.33776,1598.58,201.31756,1598.58,387.48945,1598.58,198.71464
1597.09,160.11778,1597.09,477.65912,1597.09,263.48036,1597.09,213.73024,1597.09,412.29745,1597.09,209.54797
1595.6,170.88525,1595.6,509.7066,1595.6,279.20087,1595.6,238.96456,1595.6,438.37943,1595.6,225.01229
1594.1,186.62771,1594.1,552.21695,1594.1,296.84285,1594.1,259.38177,1594.1,471.93931,1594.1,247.70407
1592.61,202.90674,1592.61,601.73159,1592.61,318.39097,1592.61,286.87944,1592.61,510.51317,1592.61,270.619
1591.12,218.75836,1591.12,675.90613,1591.12,342.65336,1591.12,321.46266,1591.12,562.82379,1591.12,294.12696
1589.63,238.35013,1589.63,740.6614,1589.63,371.48454,1589.63,359.07594,1589.63,612.00695,1589.63,324.7731
1588.13,261.6207,1588.13,825.71128,1588.13,402.79897,1588.13,392.9799,1588.13,680.78553,1588.13,363.35802
1586.64,286.03417,1586.64,929.61104,1586.64,440.49437,1586.64,425.09007,1586.64,754.33812,1586.64,402.60471
1585.15,317.76725,1585.15,1055.03155,1585.15,483.5245,1585.15,455.62187,1585.15,844.48939,1585.15,447.4906
1583.65,358.19485,1583.65,1184.57512,1583.65,532.88201,1583.65,490.07062,1583.65,945.40296,1583.65,494.49945
1582.16,405.85876,1582.16,1324.22806,1582.16,591.69309,1582.16,518.44427,1582.16,1055.25763,1582.16,542.95538
1580.67,442.28934,1580.67,1464.15574,1580.67,657.27558,1580.67,546.37801,1580.67,1171.18505,1580.67,600.26898
1579.17,484.07729,1579.17,1586.79975,1579.17,727.80463,1579.17,566.26131,1579.17,1275.90621,1579.17,653.87828
1577.68,530.56927,1577.68,1694.5539,1577.68,799.44712,1577.68,568.07025,1577.68,1376.22411,1577.68,703.34073
1576.18,574.59649,1576.18,1789.64698,1576.18,875.943,1576.18,571.19896,1576.18,1468.05418,1576.18,747.34945
1574.69,619.13248,1574.69,1850.71847,1574.69,946.21882,1574.69,559.94434,1574.69,1532.44999,1574.69,784.3585
1573.19,654.59182,1573.19,1889.24713,1573.19,1018.29812,1573.19,543.16179,1573.19,1578.46173,1573.19,805.19927
1571.7,686.65771,1571.7,1896.64054,1571.7,1080.28314,1571.7,514.98509,1571.7,1597.71494,1571.7,818.41263
1570.2,712.41924,1570.2,1875.2843,1570.2,1127.30537,1570.2,484.05334,1570.2,1601.4388,1570.2,814.03224
1568.7,726.79805,1568.7,1823.46455,1568.7,1151.07718,1568.7,441.49346,1568.7,1574.10286,1568.7,796.39559
1567.21,733.0084,1567.21,1738.81868,1567.21,1163.01467,1567.21,398.28439,1567.21,1525.77829,1567.21,765.05857
1565.71,728.60987,1565.71,1629.66681,1565.71,1157.94612,1565.71,360.36751,1565.71,1451.98885,1565.71,722.00571
1564.21,709.65197,1564.21,1514.62622,1564.21,1132.68215,1564.21,321.14743,1564.21,1359.17279,1564.21,672.4194
1562.72,677.25862,1562.72,1382.12787,1562.72,1088.68062,1562.72,277.56701,1562.72,1248.92802,1562.72,619.78727
1561.22,640.278,1561.22,1243.67932,1561.22,1029.92518,1561.22,239.86194,1561.22,1129.1458,1561.22,563.13538
1559.72,593.30525,1559.72,1095.57935,1559.72,961.76972,1559.72,206.11516,1559.72,999.8854,1559.72,499.19066
1558.22,542.10103,1558.22,964.59645,1558.22,874.66989,1558.22,175.43603,1558.22,880.31516,1558.22,434.13597
1556.72,491.18757,1556.72,846.90046,1556.72,785.31506,1556.72,147.90969,1556.72,757.68483,1556.72,372.02509
1555.22,431.95376,1555.22,735.05621,1555.22,698.43546,1555.22,124.54499,1555.22,655.38135,1555.22,317.91822
1553.72,374.26596,1553.72,632.58578,1553.72,607.77476,1553.72,110.02077,1553.72,559.30448,1553.72,269.81921
1552.23,322.81315,1552.23,549.46082,1552.23,526.49245,1552.23,94.14071,1552.23,485.21411,1552.23,228.72177
1550.73,273.25283,1550.73,483.65239,1550.73,445.22267,1550.73,84.69075,1550.73,416.96548,1550.73,192.26061
1549.23,231.25981,1549.23,418.85796,1549.23,373.24924,1549.23,72.98424,1549.23,354.69638,1549.23,164.67971
1547.73,198.74542,1547.73,371.61703,1547.73,317.71709,1547.73,65.49229,1547.73,303.0342,1547.73,142.57048
1546.23,173.6758,1546.23,338.48882,1546.23,271.33082,1546.23,60.7558,1546.23,269.38278,1546.23,122.42372
1544.72,152.74511,1544.72,299.93029,1544.72,233.72965,1544.72,52.80237,1544.72,231.01099,1544.72,108.03066
1543.22,131.92211,1543.22,271.4089,1543.22,212.63808,1543.22,47.8786,1543.22,206.21911,1543.22,98.25548
1541.72,120.58607,1541.72,244.26006,1541.72,188.81122,1541.72,42.24564,1541.72,183.01167,1541.72,88.46634
1540.22,116.34493,1540.22,218.2651,1540.22,165.27963,1540.22,39.93654,1540.22,169.58026,1540.22,74.43951
1538.72,108.2174,1538.72,196.74228,1538.72,148.30487,1538.72,35.25615,1538.72,154.81535,1538.72,70.08467
1537.22,101.11304,1537.22,180.30361,1537.22,140.29783,1537.22,31.31544,1537.22,141.66462,1537.22,66.82206
1535.71,90.79545,1535.71,166.11225,1535.71,132.67331,1535.71,33.81367,1535.71,126.46421,1535.71,56.35333
1534.21,80.11866,1534.21,158.60678,1534.21,127.8921,1534.21,26.19647,1534.21,116.24641,1534.21,56.05279
1532.71,71.1569,1532.71,142.04083,1532.71,115.18838,1532.71,17.11985,1532.71,107.61953,1532.71,52.94776
1531.21,59.49508,1531.21,125.9719,1531.21,109.69391,1531.21,17.02301,1531.21,99.44537,1531.21,38.82011
1529.7,49.07761,1529.7,108.0986,1529.7,106.60433,1529.7,12.76721,1529.7,97.37204,1529.7,26.78316
1528.2,37.08391,1528.2,94.11122,1528.2,104.20805,1528.2,10.20864,1528.2,90.04094,1528.2,17.46062
1526.69,22.4035,1526.69,80.81006,1526.69,95.57085,1526.69,1.79977,1526.69,82.76219,1526.69,8.00885
1525.19,10.64041,1525.19,69.52756,1525.19,88.26626,1525.19,5.67897,1525.19,81.03617,1525.19,0.016
1523.69,-5.01649,1523.69,61.71352,1523.69,77.97677,1523.69,3.23202,1523.69,74.95403,1523.69,-7.63506
1522.18,-9.4613,1522.18,56.35674,1522.18,73.19285,1522.18,5.5428,1522.18,66.59168,1522.18,-13.2404
1520.68,-15.89455,1520.68,52.42217,1520.68,60.4526,1520.68,9.94397,1520.68,60.97193,1520.68,-18.54528
1519.17,-20.56965,1519.17,50.80611,1519.17,59.08006,1519.17,8.50067,1519.17,57.16253,1519.17,-18.93415
1517.66,-24.38063,1517.66,47.90331,1517.66,55.96021,1517.66,11.19374,1517.66,49.24546,1517.66,-19.04938
1516.16,-23.01829,1516.16,51.05184,1516.16,52.08202,1516.16,12.48817,1516.16,50.1732,1516.16,-13.3015
1514.65,-18.03797,1514.65,47.51703,1514.65,50.51395,1514.65,8.84189,1514.65,42.27805,1514.65,-8.9412
1513.15,-14.25012,1513.15,44.68277,1513.15,40.61757,1513.15,3.55778,1513.15,38.81551,1513.15,-5.41442
1511.64,-8.26705,1511.64,39.00645,1511.64,31.14606,1511.64,1.07358,1511.64,37.95535,1511.64,-5.63396
1510.13,-3.33596,1510.13,39.21368,1510.13,27.39881,1510.13,9.92454,1510.13,41.59652,1510.13,-5.64679
1508.62,-8.29978,1508.62,33.99638,1508.62,23.23444,1508.62,1.32013,1508.62,32.39895,1508.62,0.98731
1507.12,-14.2617,1507.12,30.09012,1507.12,17.85584,1507.12,-3.72334,1507.12,30.06595,1507.12,0.78636
1505.61,-11.78942,1505.61,23.93684,1505.61,20.02757,1505.61,-0.8323,1505.61,25.98001,1505.61,3.12089
1504.1,-8.56119,1504.1,19.01456,1504.1,16.19131,1504.1,-9.99395,1504.1,29.87197,1504.1,5.59801
1502.59,-13.82543,1502.59,10.83892,1502.59,9.44064,1502.59,-13.25182,1502.59,28.06465,1502.59,4.68907
1501.08,-18.78849,1501.08,7.1682,1501.08,8.13949,1501.08,-18.20579,1501.08,29.12224,1501.08,4.11424
1499.57,-19.66339,1499.57,4.88784,1499.57,7.59103,1499.57,-24.34784,1499.57,26.27586,1499.57,6.09897
1498.07,-23.03016,1498.07,6.20018,1498.07,5.81928,1498.07,-20.9129,1498.07,20.24712,1498.07,1.47268
1496.56,-22.80042,1496.56,-0.97095,1496.56,1.55251,1496.56,-19.25467,1496.56,20.27775,1496.56,-2.35332
1495.05,-21.74359,1495.05,-0.40418,1495.05,2.84957,1495.05,-10.80784,1495.05,16.77616,1495.05,1.65614
1493.54,-23.63701,1493.54,-4.31871,1493.54,4.77562,1493.54,-8.23079,1493.54,17.65493,1493.54,1.03469
1492.03,-19.97192,1492.03,4.32886,1492.03,5.45641,1492.03,-6.81375,1492.03,14.9654,1492.03,-0.06815
1490.51,-15.63007,1490.51,10.66845,1490.51,5.84378,1490.51,-6.17,1490.51,12.23026,1490.51,1.48496
1489,-10.3682,1489,14.30363,1489,11.41403,1489,-8.37728,1489,7.78425,1489,3.60603
1487.49,-13.2419,1487.49,8.16801,1487.49,10.53805,1487.49,-4.1737,1487.49,6.85949,1487.49,6.05017
1485.98,-6.83649,1485.98,13.1638,1485.98,12.31582,1485.98,-4.19159,1485.98,3.6468,1485.98,9.73782
1484.47,-1.6588,1484.47,13.14796,1484.47,7.82789,1484.47,-4.9963,1484.47,0.73472,1484.47,7.23008
1482.96,-0.96427,1482.96,8.67925,1482.96,1.88311,1482.96,-8.01849,1482.96,-0.18359,1482.96,4.6892
1481.44,0.82961,1481.44,2.40089,1481.44,0.65419,1481.44,-5.12458,1481.44,1.92201,1481.44,2.9429
1479.93,0.56256,1479.93,1.68587,1479.93,-0.24298,1479.93,2.65423,1479.93,1.34038,1479.93,-0.27611
1478.42,-0.87196,1478.42,-2.52471,1478.42,0.31367,1478.42,-4.61198,1478.42,-2.29923,1478.42,0.22777
1476.91,1.05329,1476.91,-3.31846,1476.91,-2.74856,1476.91,-5.72605,1476.91,2.73537,1476.91,-1.54227
1475.39,3.30942,1475.39,-9.55683,1475.39,1.89306,1475.39,-4.04366,1475.39,3.47415,1475.39,1.05867
1473.88,2.25072,1473.88,-6.06074,1473.88,-5.91169,1473.88,-7.85782,1473.88,9.25352,1473.88,1.75993
1472.36,-2.55902,1472.36,-6.41508,1472.36,-7.20623,1472.36,-8.45246,1472.36,10.12159,1472.36,-0.6812
1470.85,-1.92989,1470.85,-6.02909,1470.85,-10.50861,1470.85,-11.51739,1470.85,14.77908,1470.85,-1.13708
1469.34,-0.8196,1469.34,-4.78077,1469.34,-11.32005,1469.34,-11.54159,1469.34,14.62804,1469.34,-3.1554
1467.82,-3.0065,1467.82,-6.96123,1467.82,-9.20987,1467.82,-6.6789,1467.82,16.90223,1467.82,-8.84239
1466.31,-5.78613,1466.31,-9.32722,1466.31,-3.94648,1466.31,-7.5551,1466.31,17.91708,1466.31,-7.65329
1464.79,-10.79388,1464.79,-7.63391,1464.79,-5.76018,1464.79,-5.64033,1464.79,19.40964,1464.79,-10.14181
1463.28,-10.49851,1463.28,-8.93288,1463.28,-1.69199,1463.28,-8.85227,1463.28,23.07527,1463.28,-13.52833
1461.76,-13.27819,1461.76,-0.36512,1461.76,-3.43456,1461.76,-12.23585,1461.76,19.36489,1461.76,-14.26987
1460.24,-14.24707,1460.24,4.7066,1460.24,2.03269,1460.24,-13.47603,1460.24,12.97488,1460.24,-12.7585
1458.73,-16.75179,1458.73,5.11677,1458.73,4.21109,1458.73,-16.27196,1458.73,16.02117,1458.73,-14.87295
1457.21,-18.95978,1457.21,1.38991,1457.21,1.92509,1457.21,-14.80177,1457.21,13.64373,1457.21,-14.68334
1455.69,-18.3902,1455.69,4.98549,1455.69,-2.79214,1455.69,-16.31171,1455.69,6.6722,1455.69,-13.08988
1454.18,-18.55167,1454.18,5.40374,1454.18,-7.97308,1454.18,-16.25011,1454.18,4.01935,1454.18,-17.82236
1452.66,-15.59953,1452.66,1.21479,1452.66,-2.67024,1452.66,-12.57204,1452.66,1.75242,1452.66,-13.07231
1451.14,-12.7744,1451.14,6.02683,1451.14,0.2979,1451.14,-2.90292,1451.14,3.43471,1451.14,-9.51255
1449.62,-9.71686,1449.62,6.75488,1449.62,-0.05906,1449.62,1.65142,1449.62,-1.35951,1449.62,-11.02823
1448.1,-10.31045,1448.1,9.44788,1448.1,3.71436,1448.1,0.95406,1448.1,-6.59875,1448.1,-8.61351
1446.58,-10.33504,1446.58,7.05199,1446.58,1.44931,1446.58,4.96555,1446.58,-9.84575,1446.58,-13.01982
1445.07,-11.49786,1445.07,6.68421,1445.07,4.67184,1445.07,9.97612,1445.07,-10.58737,1445.07,-8.51729
1443.55,-9.17575,1443.55,9.72479,1443.55,4.11907,1443.55,13.25833,1443.55,-7.3823,1443.55,-7.42293
1442.03,-13.88058,1442.03,13.00086,1442.03,6.97997,1442.03,16.20819,1442.03,-9.86063,1442.03,-2.34915
1440.51,-9.68436,1440.51,7.37068,1440.51,9.24534,1440.51,16.30417,1440.51,-6.62998,1440.51,-1.66122
1438.99,-10.79534,1438.99,6.2542,1438.99,14.94707,1438.99,20.86123,1438.99,-12.55466,1438.99,-4.74237
1437.47,-10.86294,1437.47,7.9136,1437.47,23.55418,1437.47,29.47442,1437.47,-11.24209,1437.47,-12.07402
1435.95,-9.22202,1435.95,9.37798,1435.95,31.64601,1435.95,28.79072,1435.95,-12.6887,1435.95,-11.4417
1434.42,-10.43524,1434.42,11.7817,1434.42,31.55825,1434.42,29.56806,1434.42,-12.65703,1434.42,-10.83532
1432.9,-9.28728,1432.9,11.8166,1432.9,36.52255,1432.9,27.81864,1432.9,-14.95878,1432.9,-4.81481
1431.38,-8.81809,1431.38,13.20798,1431.38,34.672,1431.38,24.84622,1431.38,-17.12828,1431.38,-0.99154
1429.86,-7.4292,1429.86,17.81442,1429.86,40.26809,1429.86,22.18529,1429.86,-9.56215,1429.86,3.5374
1428.34,-4.13604,1428.34,17.37129,1428.34,39.58429,1428.34,19.51492,1428.34,-2.54531,1428.34,4.2517
1426.82,-1.06561,1426.82,18.21876,1426.82,40.12219,1426.82,16.1051,1426.82,-2.6135,1426.82,8.4517
1425.29,-4.37087,1425.29,20.70804,1425.29,35.51461,1425.29,18.16343,1425.29,-2.34787,1425.29,13.2865
1423.77,2.78927,1423.77,24.927,1423.77,37.21998,1423.77,17.8718,1423.77,-1.70017,1423.77,25.67073
1422.25,9.80643,1422.25,30.5994,1422.25,40.55995,1422.25,21.77635,1422.25,1.17283,1422.25,33.17528
1420.72,9.96308,1420.72,40.47531,1420.72,34.78524,1420.72,24.94234,1420.72,1.67163,1420.72,34.04266
1419.2,13.26182,1419.2,44.20131,1419.2,28.98637,1419.2,27.65619,1419.2,-1.61383,1419.2,32.82048
1417.68,11.38605,1417.68,44.24801,1417.68,27.68436,1417.68,27.36948,1417.68,0.50271,1417.68,30.84385
1416.15,12.14066,1416.15,44.27032,1416.15,21.48884,1416.15,29.61825,1416.15,4.31713,1416.15,33.75049
1414.63,13.12966,1414.63,44.5739,1414.63,24.72881,1414.63,32.02831,1414.63,10.04276,1414.63,43.81364
1413.1,8.99327,1413.1,45.68887,1413.1,30.64263,1413.1,31.79218,1413.1,16.99877,1413.1,43.14993
1411.58,10.6786,1411.58,55.14747,1411.58,31.93297,1411.58,38.36777,1411.58,20.72286,1411.58,46.61194
1410.05,14.43461,1410.05,52.55295,1410.05,36.93086,1410.05,47.14365,1410.05,29.98412,1410.05,42.21189
1408.53,11.00719,1408.53,59.13683,1408.53,40.91913,1408.53,55.73668,1408.53,32.23159,1408.53,38.60937
1407,12.16877,1407,65.39095,1407,44.43882,1407,60.15502,1407,41.43633,1407,40.80795
1405.47,11.41352,1405.47,67.76453,1405.47,46.59377,1405.47,60.13489,1405.47,39.14505,1405.47,38.63011
1403.95,14.04756,1403.95,70.5052,1403.95,47.38054,1403.95,63.4046,1403.95,44.93015,1403.95,41.46725
1402.42,13.80496,1402.42,70.16555,1402.42,51.72425,1402.42,69.69285,1402.42,55.44302,1402.42,41.21426
1400.89,20.72156,1400.89,73.19514,1400.89,55.95373,1400.89,69.07539,1400.89,60.8739,1400.89,42.06698
1399.37,22.51734,1399.37,82.9222,1399.37,56.94249,1399.37,73.92748,1399.37,67.07136,1399.37,46.23043
1397.84,25.47955,1397.84,88.58352,1397.84,57.72881,1397.84,78.12348,1397.84,73.30566,1397.84,44.83805
1396.31,29.89788,1396.31,98.63714,1396.31,59.40688,1396.31,80.32946,1396.31,75.73962,1396.31,49.94686
1394.78,35.96659,1394.78,107.12711,1394.78,62.04538,1394.78,82.35631,1394.78,76.94671,1394.78,60.3555
1393.25,48.76161,1393.25,113.8952,1393.25,71.48437,1393.25,81.16464,1393.25,81.29235,1393.25,69.03481
1391.72,55.48701,1391.72,121.53545,1391.72,76.13774,1391.72,84.37861,1391.72,85.41586,1391.72,70.52072
1390.19,56.67488,1390.19,127.29938,1390.19,76.4901,1390.19,91.59982,1390.19,83.45177,1390.19,73.7381
1388.67,61.65607,1388.67,133.42866,1388.67,82.08189,1388.67,93.76443,1388.67,86.84454,1388.67,80.6219
1387.14,65.74183,1387.14,140.79039,1387.14,85.80694,1387.14,96.3841,1387.14,94.43892,1387.14,81.06759
1385.61,69.95255,1385.61,150.90835,1385.61,90.41276,1385.61,103.53489,1385.61,96.89167,1385.61,86.9013
1384.08,73.02981,1384.08,163.58886,1384.08,101.29155,1384.08,112.39935,1384.08,103.86618,1384.08,91.31523
1382.54,74.16865,1382.54,179.86863,1382.54,117.4068,1382.54,120.54609,1382.54,114.85449,1382.54,96.59741
1381.01,78.55014,1381.01,191.45914,1381.01,124.70059,1381.01,129.60796,1381.01,123.9633,1381.01,105.33456
1379.48,79.89411,1379.48,202.26389,1379.48,136.68451,1379.48,136.00706,1379.48,134.76925,1379.48,110.71596
1377.95,84.7759,1377.95,220.94833,1377.95,144.82296,1377.95,139.28453,1377.95,143.89967,1377.95,117.17506
1376.42,89.92747,1376.42,240.72524,1376.42,149.85656,1376.42,144.44443,1376.42,150.85102,1376.42,127.38057
1374.89,99.02261,1374.89,261.53616,1374.89,157.92004,1374.89,155.91862,1374.89,164.44179,1374.89,133.75334
1373.36,111.72747,1373.36,283.11553,1373.36,162.10172,1373.36,165.54798,1373.36,185.71273,1373.36,148.17198
1371.82,116.76986,1371.82,304.55675,1371.82,172.06306,1371.82,179.32972,1371.82,204.24799,1371.82,163.13029
1370.29,128.02705,1370.29,329.26372,1370.29,178.50882,1370.29,184.9799,1370.29,217.90629,1370.29,174.30827
1368.76,129.66454,1368.76,354.22583,1368.76,181.77176,1368.76,191.04042,1368.76,234.61711,1368.76,190.63104
1367.22,139.17618,1367.22,381.60536,1367.22,195.30182,1367.22,196.23511,1367.22,254.57149,1367.22,203.33384
1365.69,144.8856,1365.69,408.11519,1365.69,204.23395,1365.69,198.52011,1365.69,272.69122,1365.69,218.80765
1364.16,154.84836,1364.16,432.91311,1364.16,221.5787,1364.16,200.62118,1364.16,289.79185,1364.16,234.23848
1362.62,164.83526,1362.62,452.82221,1362.62,239.25627,1362.62,206.71471,1362.62,305.11459,1362.62,236.94209
1361.09,171.57024,1361.09,482.61909,1361.09,251.67395,1361.09,215.58442,1361.09,323.94934,1361.09,242.48744
1359.55,177.06253,1359.55,508.94873,1359.55,263.37572,1359.55,217.72525,1359.55,342.52452,1359.55,250.72076
1358.02,181.48131,1358.02,535.39318,1358.02,273.94826,1358.02,220.89001,1358.02,355.98612,1358.02,258.32345
1356.48,186.60496,1356.48,551.43081,1356.48,287.45472,1356.48,222.85438,1356.48,371.53245,1356.48,251.42757
1354.95,192.02061,1354.95,569.59303,1354.95,301.56776,1354.95,226.27375,1354.95,376.31521,1354.95,257.26005
1353.41,202.66774,1353.41,583.80812,1353.41,310.38237,1353.41,223.54996,1353.41,388.01072,1353.41,258.74061
1351.88,205.94634,1351.88,595.78266,1351.88,325.08602,1351.88,225.38527,1351.88,395.94375,1351.88,261.36583
1350.34,206.40541,1350.34,604.42788,1350.34,328.15985,1350.34,219.25071,1350.34,400.80942,1350.34,262.12394
1348.8,214.55514,1348.8,617.88162,1348.8,330.70599,1348.8,219.21035,1348.8,405.46434,1348.8,262.52686
1347.27,216.56635,1347.27,626.42848,1347.27,330.80588,1347.27,218.85759,1347.27,407.08494,1347.27,270.00359
1345.73,215.92509,1345.73,626.62271,1345.73,329.67395,1345.73,221.72412,1345.73,405.95338,1345.73,269.2653
1344.19,221.50348,1344.19,616.98878,1344.19,325.48546,1344.19,220.44185,1344.19,402.18023,1344.19,268.59754
1342.65,219.91756,1342.65,603.24685,1342.65,321.36523,1342.65,217.14841,1342.65,392.95098,1342.65,268.25833
1341.11,213.13477,1341.11,593.12995,1341.11,321.33513,1341.11,211.69146,1341.11,384.80426,1341.11,260.25947
1339.58,207.41785,1339.58,576.85618,1339.58,313.20717,1339.58,205.49512,1339.58,372.19118,1339.58,251.76511
1338.04,203.23496,1338.04,555.27071,1338.04,305.38938,1338.04,196.91937,1338.04,360.38085,1338.04,252.27066
1336.5,196.01146,1336.5,537.30863,1336.5,298.41852,1336.5,190.23127,1336.5,344.26079,1336.5,240.67336
1334.96,185.25274,1334.96,511.49957,1334.96,281.6791,1334.96,180.39767,1334.96,330.9148,1334.96,227.05802
1333.42,179.29474,1333.42,488.00803,1333.42,274.03028,1333.42,176.43524,1333.42,313.72718,1333.42,210.47823
1331.88,177.12511,1331.88,464.49058,1331.88,265.94181,1331.88,168.15706,1331.88,297.00935,1331.88,193.00304
1330.34,168.32559,1330.34,447.41755,1330.34,251.08088,1330.34,156.8337,1330.34,284.04624,1330.34,180.53566
1328.8,160.62586,1328.8,422.92797,1328.8,239.44432,1328.8,143.20084,1328.8,266.94636,1328.8,172.66808
1327.26,151.47321,1327.26,398.63716,1327.26,228.87919,1327.26,133.87899,1327.26,250.69207,1327.26,157.66895
1325.72,141.87063,1325.72,369.34137,1325.72,213.57731,1325.72,124.90566,1325.72,236.04928,1325.72,142.45292
1324.18,133.97097,1324.18,349.33376,1324.18,201.78436,1324.18,120.06787,1324.18,220.591,1324.18,133.99748
1322.63,124.64808,1322.63,327.55141,1322.63,187.51535,1322.63,109.10873,1322.63,211.48654,1322.63,121.23157
1321.09,112.27902,1321.09,311.33593,1321.09,177.31701,1321.09,108.18745,1321.09,197.5115,1321.09,114.67018
1319.55,105.00476,1319.55,294.10893,1319.55,160.69639,1319.55,103.37069,1319.55,187.55814,1319.55,115.60703
1318.01,99.9109,1318.01,275.05638,1318.01,150.57051,1318.01,103.47062,1318.01,178.71992,1318.01,116.42847
1316.46,85.77856,1316.46,253.07422,1316.46,137.78358,1316.46,101.66727,1316.46,161.88521,1316.46,115.25814
1314.92,78.54129,1314.92,227.74225,1314.92,128.29899,1314.92,101.20364,1314.92,150.97548,1314.92,108.27714
1313.38,75.73154,1313.38,204.41865,1313.38,114.92532,1313.38,93.27198,1313.38,135.54328,1313.38,105.5783
1311.84,68.22344,1311.84,187.18527,1311.84,110.0114,1311.84,93.1221,1311.84,128.12057,1311.84,98.31604
1310.29,60.47024,1310.29,172.56462,1310.29,106.82126,1310.29,87.82955,1310.29,123.45707,1310.29,91.16611
1308.75,56.24718,1308.75,153.62343,1308.75,97.68058,1308.75,83.4797,1308.75,113.29177,1308.75,90.83329
1307.2,53.25372,1307.2,138.93998,1307.2,88.29837,1307.2,75.19311,1307.2,105.48561,1307.2,85.78321
1305.66,44.61691,1305.66,130.45285,1305.66,79.20702,1305.66,66.19383,1305.66,93.32577,1305.66,76.65018
1304.11,45.88774,1304.11,117.96763,1304.11,66.7377,1304.11,62.69134,1304.11,85.14246,1304.11,73.98826
1302.57,46.09015,1302.57,111.00144,1302.57,67.95598,1302.57,57.71047,1302.57,77.10459,1302.57,67.77852
1301.02,48.49391,1301.02,106.04713,1301.02,63.59037,1301.02,50.47184,1301.02,71.61664,1301.02,61.65421
1299.48,45.16284,1299.48,101.59703,1299.48,56.25162,1299.48,48.39682,1299.48,65.5627,1299.48,55.67693
1297.93,44.55339,1297.93,93.80882,1297.93,54.06882,1297.93,43.63312,1297.93,64.90209,1297.93,51.08393
1296.38,41.91432,1296.38,87.649,1296.38,50.5422,1296.38,42.77577,1296.38,61.80811,1296.38,46.03614
1294.84,34.17642,1294.84,75.8906,1294.84,44.81779,1294.84,44.39495,1294.84,56.83777,1294.84,40.59233
1293.29,33.4697,1293.29,71.69197,1293.29,52.03926,1293.29,44.23685,1293.29,55.38427,1293.29,30.71659
1291.74,31.75674,1291.74,71.28761,1291.74,55.10726,1291.74,46.19958,1291.74,52.2275,1291.74,32.59425
1290.2,31.67065,1290.2,69.02683,1290.2,49.39718,1290.2,46.96656,1290.2,48.26559,1290.2,29.84163
1288.65,34.51029,1288.65,66.18217,1288.65,49.9488,1288.65,44.39329,1288.65,50.64125,1288.65,35.3611
1287.1,30.33865,1287.1,63.91464,1287.1,49.30185,1287.1,42.52743,1287.1,47.51499,1287.1,32.72625
1285.55,25.2076,1285.55,60.5537,1285.55,43.8856,1285.55,42.58904,1285.55,36.17764,1285.55,29.57151
1284,25.33349,1284,61.0221,1284,38.75825,1284,41.03393,1284,37.67041,1284,24.1381
1282.45,21.00424,1282.45,67.49897,1282.45,36.74085,1282.45,41.39455,1282.45,33.41258,1282.45,18.70001
1280.9,20.68664,1280.9,70.27304,1280.9,36.33044,1280.9,42.34426,1280.9,31.21046,1280.9,12.54484
1279.35,16.75933,1279.35,72.71843,1279.35,30.94541,1279.35,37.68575,1279.35,23.36504,1279.35,14.71112
1277.8,17.50923,1277.8,76.55244,1277.8,19.05825,1277.8,33.58085,1277.8,15.47295,1277.8,8.37205
1276.25,17.44475,1276.25,77.87298,1276.25,14.77311,1276.25,30.31384,1276.25,4.70501,1276.25,9.11776
1274.7,16.26731,1274.7,77.44506,1274.7,7.7497,1274.7,26.12504,1274.7,-2.4741,1274.7,11.74918
1273.15,18.01754,1273.15,73.61446,1273.15,2.07533,1273.15,23.6979,1273.15,-10.59781,1273.15,13.47091
1271.6,14.59901,1271.6,66.66309,1271.6,4.76473,1271.6,15.71261,1271.6,-12.87533,1271.6,8.84158
1270.05,15.58876,1270.05,63.25573,1270.05,0.72793,1270.05,14.47104,1270.05,-15.1825,1270.05,6.92277
1268.5,14.77854,1268.5,58.42674,1268.5,2.73909,1268.5,9.90089,1268.5,-18.08372,1268.5,7.45149
1266.95,15.41425,1266.95,50.05449,1266.95,4.10587,1266.95,6.98438,1266.95,-14.25445,1266.95,4.75849
1265.39,10.29755,1265.39,44.38215,1265.39,8.03807,1265.39,11.06608,1265.39,-14.4771,1265.39,10.48552
1263.84,6.24018,1263.84,33.35458,1263.84,10.39708,1263.84,7.67503,1263.84,-16.88166,1263.84,8.90199
1262.29,2.53402,1262.29,27.20337,1262.29,14.00293,1262.29,9.50731,1262.29,-13.96577,1262.29,3.13408
1260.74,-3.86483,1260.74,25.63297,1260.74,17.27203,1260.74,10.78819,1260.74,-13.2535,1260.74,9.01381
1259.18,-5.8595,1259.18,21.12963,1259.18,16.31378,1259.18,7.10028,1259.18,-8.98083,1259.18,7.61981
1257.63,-1.12312,1257.63,23.48809,1257.63,21.27845,1257.63,6.28538,1257.63,-2.96947,1257.63,9.82738
1256.08,-9.62489,1256.08,24.76388,1256.08,21.19713,1256.08,10.46143,1256.08,-6.91494,1256.08,6.03498
1254.52,-14.90149,1254.52,28.0996,1254.52,15.96728,1254.52,15.821,1254.52,-3.50327,1254.52,5.46107
1252.97,-15.69285,1252.97,33.94871,1252.97,14.71901,1252.97,19.18361,1252.97,1.89896,1252.97,0.40221
1251.41,-18.12578,1251.41,37.56115,1251.41,15.97593,1251.41,19.93379,1251.41,2.91521,1251.41,3.54243
1249.86,-12.3957,1249.86,36.89066,1249.86,11.8946,1249.86,16.26,1249.86,4.89478,1249.86,1.6285
1248.3,-9.72937,1248.3,36.63967,1248.3,6.46157,1248.3,17.77259,1248.3,2.33915,1248.3,4.65806
1246.75,-5.57383,1246.75,34.08223,1246.75,4.16859,1246.75,20.02179,1246.75,3.22306,1246.75,1.82219
1245.19,-1.39385,1245.19,32.53003,1245.19,4.80658,1245.19,21.20572,1245.19,2.39685,1245.19,5.11046
1243.63,1.4842,1243.63,29.31887,1243.63,0.25544,1243.63,17.60939,1243.63,7.67514,1243.63,4.12472
1242.08,6.86693,1242.08,25.66985,1242.08,1.31799,1242.08,14.61208,1242.08,3.63768,1242.08,-0.2707
1240.52,8.96688,1240.52,17.16755,1240.52,5.70753,1240.52,12.63087,1240.52,7.71569,1240.52,-1.95994
1238.96,11.02124,1238.96,19.15189,1238.96,6.77151,1238.96,13.52649,1238.96,6.36743,1238.96,-1.4521
1237.41,7.87855,1237.41,17.77825,1237.41,10.63427,1237.41,10.26561,1237.41,12.81074,1237.41,-3.8123
1235.85,9.14412,1235.85,13.57293,1235.85,2.8705,1235.85,8.94396,1235.85,10.11939,1235.85,-1.90029
1234.29,5.45075,1234.29,11.67009,1234.29,1.52899,1234.29,3.5663,1234.29,8.57663,1234.29,5.80209
1232.73,3.58761,1232.73,1.62617,1232.73,0.98575,1232.73,-0.11661,1232.73,-0.26097,1232.73,2.43791
1231.17,-3.35185,1231.17,-1.66508,1231.17,-0.93583,1231.17,0.13227,1231.17,0.26501,1231.17,-2.08952
1229.62,-5.06144,1229.62,0.59466,1229.62,4.11513,1229.62,0.29278,1229.62,-4.22267,1229.62,2.61168
1228.06,-8.9146,1228.06,-0.42046,1228.06,2.64566,1228.06,-3.37499,1228.06,-8.08478,1228.06,2.5938
1226.5,-10.58727,1226.5,2.34781,1226.5,1.53553,1226.5,-4.77936,1226.5,-9.50211,1226.5,0.314
1224.94,-20.34621,1224.94,5.69359,1224.94,-1.24251,1224.94,-6.36965,1224.94,-14.86456,1224.94,2.92489
1223.38,-20.57259,1223.38,10.95635,1223.38,-9.0252,1223.38,-8.02398,1223.38,-16.14631,1223.38,3.87042
1221.82,-24.81772,1221.82,5.65287,1221.82,-9.42343,1221.82,-12.47705,1221.82,-19.01189,1221.82,4.33789
1220.26,-22.90458,1220.26,8.70974,1220.26,-13.99159,1220.26,-15.35098,1220.26,-22.24413,1220.26,6.61753
1218.7,-24.45373,1218.7,5.80177,1218.7,-22.49544,1218.7,-12.83221,1218.7,-22.53586,1218.7,1.36377
1217.13,-23.2893,1217.13,3.12935,1217.13,-25.19176,1217.13,-7.94334,1217.13,-21.36244,1217.13,1.76138
1215.57,-24.24737,1215.57,5.42265,1215.57,-25.04122,1215.57,-4.85304,1215.57,-21.81654,1215.57,0.92932
1214.01,-23.67741,1214.01,3.35281,1214.01,-26.54531,1214.01,-3.69375,1214.01,-25.76058,1214.01,-2.86118
1212.45,-31.09814,1212.45,-1.20291,1212.45,-24.18169,1212.45,-4.05605,1212.45,-27.10928,1212.45,-7.86648
1210.89,-30.50459,1210.89,-4.36826,1210.89,-26.30842,1210.89,-2.87721,1210.89,-29.553,1210.89,-9.67791
1209.32,-31.63404,1209.32,-9.30244,1209.32,-28.94667,1209.32,-0.12245,1209.32,-24.81938,1209.32,-15.17201
1207.76,-37.34237,1207.76,-7.18298,1207.76,-27.46603,1207.76,1.41929,1207.76,-27.35875,1207.76,-17.15996
1206.2,-36.41114,1206.2,-13.56169,1206.2,-24.96225,1206.2,0.75289,1206.2,-25.74067,1206.2,-24.08516
1204.64,-34.93068,1204.64,-13.14486,1204.64,-31.57546,1204.64,-0.42349,1204.64,-34.01605,1204.64,-19.33161
1203.07,-36.90634,1203.07,-15.82433,1203.07,-27.42294,1203.07,-4.23569,1203.07,-32.0809,1203.07,-19.06197
1201.51,-39.27556,1201.51,-19.91171,1201.51,-23.30386,1201.51,-0.05751,1201.51,-32.51933,1201.51,-23.48142
1199.94,-45.1182,1199.94,-19.83493,1199.94,-23.82524,1199.94,1.72354,1199.94,-33.73146,1199.94,-22.24198
1198.38,-41.67025,1198.38,-18.46559,1198.38,-20.37074,1198.38,3.45988,1198.38,-33.56282,1198.38,-15.76182
1196.81,-40.94191,1196.81,-20.10042,1196.81,-24.02156,1196.81,3.60435,1196.81,-34.77723,1196.81,-11.09985
1195.25,-35.12143,1195.25,-19.24617,1195.25,-25.21264,1195.25,6.75415,1195.25,-32.21829,1195.25,-7.53593
1193.68,-32.6147,1193.68,-14.65865,1193.68,-29.44262,1193.68,11.25154,1193.68,-32.75637,1193.68,-2.55338
1192.12,-26.35127,1192.12,-16.41642,1192.12,-28.93612,1192.12,15.21319,1192.12,-28.47165,1192.12,-3.15934
1190.55,-29.03142,1190.55,-18.89895,1190.55,-32.5361,1190.55,17.08035,1190.55,-25.61942,1190.55,3.67056
1188.98,-23.99795,1188.98,-14.38231,1188.98,-38.02517,1188.98,21.49439,1188.98,-24.53512,1188.98,3.91806
1187.42,-25.68246,1187.42,-15.74713,1187.42,-40.42458,1187.42,27.29269,1187.42,-20.95149,1187.42,7.23436
1185.85,-15.56196,1185.85,-11.90488,1185.85,-31.58998,1185.85,31.60037,1185.85,-19.22203,1185.85,13.1444
1184.28,-12.79421,1184.28,-8.95443,1184.28,-33.65248,1184.28,36.91688,1184.28,-24.83352,1184.28,23.1793
1182.72,-11.86305,1182.72,-13.45799,1182.72,-34.45547,1182.72,42.99853,1182.72,-27.17106,1182.72,26.66468
1181.15,-9.26697,1181.15,-10.25718,1181.15,-33.73983,1181.15,44.27189,1181.15,-25.01503,1181.15,25.71675
1179.58,-1.40226,1179.58,-7.44498,1179.58,-42.33513,1179.58,50.19564,1179.58,-25.37885,1179.58,30.02948
1178.01,-4.77418,1178.01,-8.79147,1178.01,-43.42115,1178.01,53.07982,1178.01,-23.54322,1178.01,33.92729
1176.44,-6.48614,1176.44,-8.2798,1176.44,-39.66997,1176.44,54.57759,1176.44,-24.07849,1176.44,34.52787
1174.87,-3.95584,1174.87,-13.31229,1174.87,-36.16817,1174.87,56.84411,1174.87,-26.21339,1174.87,38.17193
1173.3,-3.06903,1173.3,-4.61546,1173.3,-41.04566,1173.3,55.70651,1173.3,-30.21202,1173.3,44.51374
1171.74,-6.02086,1171.74,-3.70298,1171.74,-40.0569,1171.74,58.03747,1171.74,-30.06808,1171.74,48.95315
1170.17,-8.45834,1170.17,-1.96982,1170.17,-36.11077,1170.17,60.94316,1170.17,-28.49535,1170.17,57.97628
1168.6,-12.11145,1168.6,-4.52114,1168.6,-38.9368,1168.6,66.08024,1168.6,-34.17996,1168.6,65.6151
1167.02,-8.49473,1167.02,-7.7267,1167.02,-37.1174,1167.02,68.35908,1167.02,-28.2802,1167.02,67.70677
1165.45,-9.06224,1165.45,-10.8343,1165.45,-37.72523,1165.45,70.84167,1165.45,-26.84172,1165.45,71.13519
1163.88,-8.00659,1163.88,-12.42517,1163.88,-37.09538,1163.88,71.99856,1163.88,-19.67132,1163.88,70.71451
1162.31,-7.65041,1162.31,-10.12897,1162.31,-35.88486,1162.31,73.39145,1162.31,-17.95473,1162.31,76.34578
1160.74,-11.67673,1160.74,-12.93945,1160.74,-36.83826,1160.74,70.91061,1160.74,-15.50229,1160.74,82.64315
1159.17,-15.33731,1159.17,-16.01338,1159.17,-41.39224,1159.17,65.42796,1159.17,-15.98988,1159.17,96.5841
1157.6,-16.03185,1157.6,-19.49202,1157.6,-41.02435,1157.6,62.51509,1157.6,-14.54289,1157.6,103.31243
1156.02,-10.32817,1156.02,-22.41946,1156.02,-40.15611,1156.02,60.81494,1156.02,-6.57336,1156.02,122.02494
1154.45,-0.94061,1154.45,-20.66319,1154.45,-39.35026,1154.45,57.86118,1154.45,0.43234,1154.45,143.27503
1152.88,1.30293,1152.88,-21.77779,1152.88,-40.59632,1152.88,53.70534,1152.88,6.56045,1152.88,164.38623
1151.3,6.38826,1151.3,-23.60182,1151.3,-35.70445,1151.3,48.84569,1151.3,17.75736,1151.3,178.8888
1149.73,11.53423,1149.73,-26.00681,1149.73,-36.5858,1149.73,41.92811,1149.73,31.73446,1149.73,189.5582
1148.16,11.78939,1148.16,-27.72344,1148.16,-34.55302,1148.16,39.50569,1148.16,45.86,1148.16,197.89089
1146.58,8.19586,1146.58,-32.97843,1146.58,-28.81466,1146.58,32.5936,1146.58,61.24371,1146.58,204.676
1145.01,15.26508,1145.01,-28.38497,1145.01,-22.92517,1145.01,27.67729,1145.01,75.05639,1145.01,208.04792
1143.43,19.14579,1143.43,-27.3163,1143.43,-18.11836,1143.43,28.95289,1143.43,87.75784,1143.43,219.33232
1141.86,19.08242,1141.86,-18.47061,1141.86,-20.68577,1141.86,32.5924,1141.86,96.51553,1141.86,224.03393
1140.28,12.87858,1140.28,-17.07352,1140.28,-17.94738,1140.28,39.2856,1140.28,106.63746,1140.28,226.00931
1138.71,9.92917,1138.71,-15.8238,1138.71,-14.45462,1138.71,45.45087,1138.71,112.84974,1138.71,225.41425
1137.13,7.81399,1137.13,-13.81469,1137.13,-19.68926,1137.13,54.24499,1137.13,116.46611,1137.13,216.851
1135.55,9.53589,1135.55,-9.56938,1135.55,-18.4934,1135.55,55.69483,1135.55,117.45655,1135.55,205.81371
1133.98,7.46019,1133.98,-2.36576,1133.98,-22.96268,1133.98,57.66064,1133.98,118.42247,1133.98,202.08719
1132.4,6.42296,1132.4,1.15058,1132.4,-30.8299,1132.4,60.17547,1132.4,115.96458,1132.4,191.35267
1130.82,2.39622,1130.82,6.02945,1130.82,-32.79102,1130.82,61.04101,1130.82,106.33201,1130.82,183.90601
1129.25,-4.07734,1129.25,6.08032,1129.25,-34.56469,1129.25,61.46988,1129.25,95.35509,1129.25,172.21733
1127.67,-7.57191,1127.67,5.68009,1127.67,-37.89258,1127.67,61.35552,1127.67,82.10474,1127.67,161.24225
1126.09,-10.26275,1126.09,6.72212,1126.09,-40.22671,1126.09,60.93876,1126.09,75.86397,1126.09,150.3116
1124.51,-9.40079,1124.51,6.5488,1124.51,-39.3237,1124.51,60.86517,1124.51,66.61451,1124.51,143.49284
1122.93,-8.17642,1122.93,6.64329,1122.93,-35.52337,1122.93,57.66594,1122.93,53.81136,1122.93,135.34023
1121.35,-9.57779,1121.35,-0.40474,1121.35,-28.27636,1121.35,55.13724,1121.35,44.79055,1121.35,131.81156
1119.77,-8.49943,1119.77,-6.97335,1119.77,-25.64447,1119.77,52.0028,1119.77,37.04911,1119.77,127.87632
1118.2,-8.76564,1118.2,-14.14621,1118.2,-22.38711,1118.2,49.3281,1118.2,32.32865,1118.2,121.60756
1116.62,-8.14255,1116.62,-16.5042,1116.62,-16.89696,1116.62,46.67984,1116.62,25.96045,1116.62,110.84216
1115.04,-5.76243,1115.04,-21.09146,1115.04,-18.39993,1115.04,43.97102,1115.04,26.58417,1115.04,107.41984
1113.45,0.77597,1113.45,-23.84367,1113.45,-18.3352,1113.45,43.03534,1113.45,26.86146,1113.45,112.35616
1111.87,-1.10314,1111.87,-27.75586,1111.87,-20.40452,1111.87,45.33263,1111.87,31.1775,1111.87,119.75538
1110.29,0.00832,1110.29,-27.74365,1110.29,-19.31721,1110.29,50.56833,1110.29,28.89528,1110.29,122.61508
1108.71,2.72077,1108.71,-29.54589,1108.71,-16.81808,1108.71,51.08187,1108.71,30.2346,1108.71,127.14147
1107.13,3.14889,1107.13,-26.94563,1107.13,-17.81194,1107.13,54.45674,1107.13,33.52216,1107.13,135.39336
1105.55,8.15575,1105.55,-23.93417,1105.55,-20.1758,1105.55,50.653,1105.55,36.59692,1105.55,139.93854
1103.97,10.01837,1103.97,-17.5,1103.97,-17.68872,1103.97,47.31189,1103.97,38.46464,1103.97,146.14689
1102.38,8.10527,1102.38,-17.09509,1102.38,-18.60303,1102.38,43.46903,1102.38,44.21542,1102.38,156.80527
1100.8,10.02587,1100.8,-14.91417,1100.8,-16.63825,1100.8,38.77349,1100.8,47.75566,1100.8,158.18704
1099.22,9.82445,1099.22,-11.64561,1099.22,-10.66572,1099.22,38.77972,1099.22,51.20247,1099.22,154.80182
1097.63,8.00156,1097.63,-6.2313,1097.63,-8.5,1097.63,39.48806,1097.63,46.15263,1097.63,151.6554
1096.05,8.08022,1096.05,-1.72751,1096.05,-6.70844,1096.05,41.28761,1096.05,45.29074,1096.05,149.878
1094.47,8.70554,1094.47,2.29549,1094.47,-5.57858,1094.47,36.41407,1094.47,48.80989,1094.47,151.07214
1092.88,12.34392,1092.88,4.66347,1092.88,-1.98701,1092.88,33.66572,1092.88,46.1404,1092.88,148.80681
1091.3,15.02165,1091.3,6.94798,1091.3,3.58801,1091.3,32.05262,1091.3,44.1283,1091.3,150.47136
1089.71,15.8471,1089.71,5.4113,1089.71,9.7309,1089.71,34.36201,1089.71,43.65691,1089.71,161.6175
1088.13,15.83887,1088.13,2.40283,1088.13,12.45842,1088.13,36.24748,1088.13,39.29022,1088.13,158.70383
1086.54,18.11334,1086.54,2.60696,1086.54,18.48665,1086.54,40.58689,1086.54,35.61669,1086.54,158.21439
1084.96,18.7029,1084.96,1.97902,1084.96,18.4025,1084.96,38.54148,1084.96,36.12475,1084.96,155.92571
1083.37,19.25286,1083.37,1.54634,1083.37,14.09867,1083.37,42.20674,1083.37,39.15078,1083.37,155.895
1081.78,19.51244,1081.78,-2.16405,1081.78,12.75344,1081.78,51.45184,1081.78,35.43958,1081.78,157.49248
1080.2,19.19903,1080.2,4.24331,1080.2,12.07374,1080.2,57.14885,1080.2,39.98949,1080.2,164.8805
1078.61,21.6726,1078.61,4.88664,1078.61,17.56054,1078.61,65.29252,1078.61,42.36747,1078.61,166.40215
1077.02,23.48026,1077.02,4.05181,1077.02,20.83703,1077.02,62.7973,1077.02,47.8866,1077.02,172.76282
1075.44,22.58144,1075.44,7.24911,1075.44,20.29003,1075.44,71.12757,1075.44,52.37332,1075.44,171.62151
1073.85,24.49123,1073.85,9.11911,1073.85,23.18012,1073.85,74.86008,1073.85,51.61139,1073.85,169.72079
1072.26,21.8016,1072.26,10.39289,1072.26,23.75837,1072.26,80.39092,1072.26,55.15261,1072.26,174.37568
1070.67,22.55991,1070.67,10.06248,1070.67,26.35145,1070.67,77.54294,1070.67,54.9734,1070.67,182.83757
1069.08,28.24695,1069.08,15.58892,1069.08,31.40629,1069.08,80.43747,1069.08,56.04092,1069.08,183.18956
1067.49,30.90619,1067.49,20.66895,1067.49,32.46845,1067.49,86.75028,1067.49,58.17403,1067.49,185.58095
1065.9,30.94801,1065.9,26.04485,1065.9,38.54522,1065.9,93.1385,1065.9,61.02373,1065.9,193.12423
1064.31,37.7101,1064.31,32.28441,1064.31,38.55472,1064.31,91.05739,1064.31,64.9969,1064.31,198.80272
1062.72,41.59912,1062.72,39.09643,1062.72,35.68271,1062.72,86.9366,1062.72,69.58138,1062.72,200.085
1061.13,45.73233,1061.13,42.223,1061.13,38.71932,1061.13,88.14774,1061.13,71.01377,1061.13,205.03127
1059.54,42.40997,1059.54,44.12786,1059.54,41.25289,1059.54,91.01551,1059.54,74.18846,1059.54,208.29421
1057.95,40.83157,1057.95,42.27116,1057.95,43.72506,1057.95,96.2204,1057.95,77.66876,1057.95,209.68559
1056.36,46.69056,1056.36,44.80459,1056.36,49.40815,1056.36,99.89452,1056.36,83.56065,1056.36,209.00612
1054.77,50.48387,1054.77,49.04498,1054.77,50.35842,1054.77,100.45896,1054.77,86.34401,1054.77,217.9422
1053.18,49.18429,1053.18,51.12035,1053.18,45.55364,1053.18,104.76082,1053.18,94.87385,1053.18,226.96171
1051.59,49.98937,1051.59,51.98481,1051.59,45.95954,1051.59,116.65575,1051.59,101.4192,1051.59,228.72418
1049.99,52.92636,1049.99,51.85273,1049.99,50.84299,1049.99,125.90017,1049.99,105.63845,1049.99,235.62178
1048.4,55.10597,1048.4,57.20378,1048.4,53.60545,1048.4,126.30404,1048.4,115.28858,1048.4,236.47735
1046.81,61.44831,1046.81,55.38408,1046.81,59.32767,1046.81,126.70125,1046.81,121.5321,1046.81,235.45693
1045.22,68.01785,1045.22,55.54281,1045.22,61.89778,1045.22,127.58318,1045.22,122.80085,1045.22,231.22836
1043.62,68.83142,1043.62,54.79583,1043.62,63.1442,1043.62,137.73113,1043.62,124.37795,1043.62,227.94658
1042.03,74.6827,1042.03,51.24392,1042.03,65.14153,1042.03,145.49701,1042.03,125.68332,1042.03,230.15711
1040.43,83.28676,1040.43,51.54848,1040.43,68.04334,1040.43,150.61923,1040.43,126.25197,1040.43,233.40393
1038.84,92.09887,1038.84,50.34326,1038.84,77.83815,1038.84,149.35303,1038.84,123.97503,1038.84,234.112
1037.25,97.57169,1037.25,51.13948,1037.25,82.61886,1037.25,156.09515,1037.25,121.90329,1037.25,233.28582
1035.65,101.06201,1035.65,57.38436,1035.65,85.15534,1035.65,162.39143,1035.65,125.74568,1035.65,236.13116
1034.05,101.71052,1034.05,58.88334,1034.05,87.90951,1034.05,163.75851,1034.05,125.78069,1034.05,236.95657
1032.46,109.22096,1032.46,68.79087,1032.46,86.64588,1032.46,156.95855,1032.46,124.54368,1032.46,235.89987
1030.86,112.6834,1030.86,69.79517,1030.86,85.51753,1030.86,157.98703,1030.86,124.39767,1030.86,233.71994
1029.27,115.52886,1029.27,68.10482,1029.27,86.09927,1029.27,155.42802,1029.27,122.09703,1029.27,237.23096
1027.67,118.58523,1027.67,69.08012,1027.67,85.50799,1027.67,155.61181,1027.67,126.22647,1027.67,234.62365
1026.07,115.31021,1026.07,73.21749,1026.07,86.28234,1026.07,153.17342,1026.07,129.81696,1026.07,239.17442
1024.48,119.12061,1024.48,75.39778,1024.48,90.60176,1024.48,150.52023,1024.48,135.23943,1024.48,246.00456
1022.88,116.10043,1022.88,72.14213,1022.88,85.14573,1022.88,150.36709,1022.88,135.71419,1022.88,259.74296
1021.28,114.89374,1021.28,77.39706,1021.28,80.83062,1021.28,150.29581,1021.28,141.36186,1021.28,265.1648
1019.68,117.30334,1019.68,84.66305,1019.68,83.05446,1019.68,150.82349,1019.68,145.78665,1019.68,263.07628
1018.09,119.89888,1018.09,87.80736,1018.09,81.95349,1018.09,146.23801,1018.09,143.41751,1018.09,269.53413
1016.49,119.9188,1016.49,89.84816,1016.49,79.27696,1016.49,143.82441,1016.49,143.94801,1016.49,263.50473
1014.89,121.97064,1014.89,90.42465,1014.89,81.09722,1014.89,140.86037,1014.89,149.37462,1014.89,267.47785
1013.29,119.0193,1013.29,87.19044,1013.29,82.57323,1013.29,138.94555,1013.29,150.30811,1013.29,267.6039
1011.69,120.65712,1011.69,85.06395,1011.69,82.747,1011.69,139.21413,1011.69,156.84979,1011.69,266.06262
1010.09,129.12464,1010.09,82.89995,1010.09,84.45098,1010.09,141.35986,1010.09,156.42231,1010.09,259.71979
1008.49,128.51715,1008.49,81.67854,1008.49,91.05922,1008.49,139.04906,1008.49,155.25652,1008.49,256.78894
1006.89,124.49547,1006.89,82.0683,1006.89,94.45599,1006.89,140.51311,1006.89,153.49416,1006.89,249.93269
1005.29,118.07382,1005.29,86.38879,1005.29,92.10949,1005.29,149.00218,1005.29,150.10966,1005.29,249.34757
1003.69,114.63032,1003.69,88.53919,1003.69,91.07356,1003.69,151.62064,1003.69,154.66993,1003.69,240.24227
1002.09,107.84008,1002.09,90.87572,1002.09,92.57737,1002.09,148.26688,1002.09,158.45763,1002.09,236.71776
1000.48,108.07709,1000.48,94.2692,1000.48,88.64733,1000.48,146.91289,1000.48,160.51641,1000.48,230.35454
998.882,111.94521,998.882,89.01787,998.882,90.195,998.882,148.79666,998.882,161.11318,998.882,222.84446
997.28,114.41671,997.28,92.83613,997.28,89.97055,997.28,147.69864,997.28,163.5707,997.28,213.57932
995.678,113.74713,995.678,98.32344,995.678,91.38253,995.678,149.50789,995.678,164.72673,995.678,210.09
994.075,108.24012,994.075,102.64506,994.075,90.97546,994.075,149.23351,994.075,166.30892,994.075,210.31477
992.472,113.02235,992.472,106.0552,992.472,92.95289,992.472,152.36488,992.472,164.67795,992.472,200.95238
990.868,118.22979,990.868,111.11762,990.868,91.00512,990.868,150.59876,990.868,163.34891,990.868,200.97644
989.265,119.71899,989.265,122.43871,989.265,92.44949,989.265,150.56704,989.265,162.28571,989.265,195.72889
987.661,120.6229,987.661,127.82866,987.661,92.24947,987.661,151.10922,987.661,158.5949,987.661,197.69042
986.056,120.03054,986.056,128.24446,986.056,89.34033,986.056,150.19058,986.056,151.65768,986.056,197.56289
984.452,119.98739,984.452,125.15196,984.452,95.18344,984.452,153.42004,984.452,150.26141,984.452,189.84836
982.847,122.88211,982.847,125.49849,982.847,99.98085,982.847,151.65254,982.847,154.5003,982.847,187.99715
981.242,124.81595,981.242,120.38893,981.242,104.97098,981.242,153.28845,981.242,152.11485,981.242,188.93443
979.636,127.76448,979.636,121.77239,979.636,110.59568,979.636,150.579,979.636,146.71396,979.636,183.2643
978.03,130.50734,978.03,114.42208,978.03,113.30673,978.03,149.9525,978.03,132.22058,978.03,179.13603
976.424,122.78987,976.424,109.5462,976.424,116.3431,976.424,147.02374,976.424,123.97955,976.424,175.26828
974.818,121.02372,974.818,107.28008,974.818,117.29153,974.818,149.46649,974.818,117.61307,974.818,171.79525
973.211,119.39978,973.211,101.86947,973.211,116.1939,973.211,147.24987,973.211,116.9974,973.211,170.04138
971.604,118.42664,971.604,99.74457,971.604,113.59954,971.604,141.45466,971.604,118.52712,971.604,163.71731
969.997,115.18641,969.997,99.41919,969.997,116.12843,969.997,135.42233,969.997,118.60861,969.997,164.19789
968.389,117.18033,968.389,97.29563,968.389,109.96622,968.389,130.80133,968.389,117.61718,968.389,159.48569
966.781,116.13943,966.781,98.06971,966.781,116.0782,966.781,127.36638,966.781,118.95432,966.781,149.04803
965.173,112.15504,965.173,101.13963,965.173,111.78979,965.173,126.19197,965.173,118.81976,965.173,143.20938
963.564,113.11113,963.564,102.94457,963.564,110.23231,963.564,127.87257,963.564,114.00979,963.564,144.29537
961.955,112.16523,961.955,108.2574,961.955,111.16817,961.955,126.46219,961.955,113.42826,961.955,141.79198
960.346,109.76303,960.346,113.06639,960.346,107.90656,960.346,124.5711,960.346,108.02978,960.346,133.03545
958.737,112.82427,958.737,110.7702,958.737,103.12182,958.737,123.25008,958.737,106.88442,958.737,136.97162
957.127,115.8652,957.127,110.83504,957.127,96.96078,957.127,124.39701,957.127,103.68372,957.127,137.54466
955.517,118.63108,955.517,111.21259,955.517,92.0992,955.517,122.86097,955.517,101.98538,955.517,132.3271
953.907,119.24883,953.907,110.87213,953.907,91.06317,953.907,125.35981,953.907,99.99675,953.907,127.00109
952.296,118.85353,952.296,104.24219,952.296,92.87644,952.296,127.15169,952.296,100.89246,952.296,122.744
950.685,119.48841,950.685,105.54568,950.685,90.63195,950.685,128.35052,950.685,105.31082,950.685,122.79022
949.074,120.88448,949.074,101.88241,949.074,90.99971,949.074,119.8983,949.074,101.69317,949.074,121.34905
947.462,116.91874,947.462,101.789,947.462,91.84858,947.462,116.8926,947.462,97.09211,947.462,117.07018
945.85,118.267,945.85,98.39269,945.85,85.15521,945.85,119.25873,945.85,91.61989,945.85,108.28292
944.238,117.05074,944.238,101.87419,944.238,84.53561,944.238,115.35186,944.238,93.73199,944.238,99.91374
942.626,117.26478,942.626,102.48556,942.626,84.59694,942.626,112.81347,942.626,96.45766,942.626,101.05502
941.013,116.83166,941.013,103.60413,941.013,83.53802,941.013,110.51909,941.013,101.20387,941.013,97.58827
939.4,111.75379,939.4,102.20395,939.4,78.77414,939.4,110.2409,939.4,103.27186,939.4,98.67526
937.786,102.00145,937.786,101.93062,937.786,77.0501,937.786,110.33525,937.786,105.8935,937.786,95.12263
936.173,96.02259,936.173,106.66223,936.173,73.12829,936.173,110.88995,936.173,107.71895,936.173,92.8086
934.559,92.4262,934.559,106.24069,934.559,75.38901,934.559,112.60888,934.559,103.67084,934.559,85.58697
932.944,87.25041,932.944,102.32566,932.944,73.70049,932.944,113.90129,932.944,99.96269,932.944,86.87453
931.33,87.42906,931.33,107.48509,931.33,73.76538,931.33,114.92557,931.33,101.33734,931.33,85.21111
929.715,82.54965,929.715,110.05981,929.715,81.13232,929.715,114.19926,929.715,99.83532,929.715,81.5396
928.1,80.61177,928.1,104.8491,928.1,78.82412,928.1,113.75588,928.1,95.22632,928.1,80.91822
926.484,84.69744,926.484,95.76756,926.484,78.49874,926.484,112.8272,926.484,90.35155,926.484,82.25881
924.868,82.7233,924.868,92.04495,924.868,81.52578,924.868,108.58084,924.868,87.11935,924.868,78.45399
923.252,77.72626,923.252,86.5802,923.252,86.47594,923.252,103.53858,923.252,84.62273,923.252,75.66857
921.636,73.02786,921.636,78.9093,921.636,84.41517,921.636,98.53839,921.636,83.46104,921.636,75.4484
920.019,66.57049,920.019,74.8317,920.019,84.70865,920.019,98.24363,920.019,80.15535,920.019,73.90878
918.402,64.63446,918.402,77.62129,918.402,86.65294,918.402,91.60669,918.402,76.38449,918.402,73.02784
916.785,60.83023,916.785,77.63915,916.785,90.07867,916.785,82.23193,916.785,74.17373,916.785,68.74718
915.167,53.03747,915.167,76.54529,915.167,86.98069,915.167,85.87911,915.167,72.37085,915.167,66.06125
913.549,54.62395,913.549,84.42344,913.549,81.47883,913.549,82.49174,913.549,66.98565,913.549,58.07435
911.931,54.98647,911.931,84.3975,911.931,79.36017,911.931,77.92033,911.931,65.39357,911.931,56.17863
910.312,53.68337,910.312,83.17315,910.312,73.72841,910.312,76.28115,910.312,64.7331,910.312,60.13211
908.693,56.00676,908.693,77.58724,908.693,69.57188,908.693,77.33007,908.693,66.41988,908.693,58.89195
907.074,51.75234,907.074,75.7025,907.074,64.16744,907.074,78.20412,907.074,63.55168,907.074,59.86447
905.455,49.5354,905.455,76.81243,905.455,61.65816,905.455,79.99554,905.455,60.00827,905.455,62.35324
903.835,54.18498,903.835,74.79248,903.835,60.13921,903.835,80.57929,903.835,56.47818,903.835,61.84277
902.215,55.23189,902.215,69.94832,902.215,61.07261,902.215,80.21174,902.215,52.63768,902.215,57.67533
900.594,50.7965,900.594,66.08627,900.594,63.42879,900.594,74.78641,900.594,51.49797,900.594,57.24816
898.974,53.22239,898.974,69.16471,898.974,62.54691,898.974,76.89839,898.974,55.56799,898.974,53.38738
897.353,56.1242,897.353,61.55135,897.353,64.35242,897.353,79.31307,897.353,52.1785,897.353,53.31518
895.731,57.83593,895.731,54.26007,895.731,57.85132,895.731,78.7895,895.731,48.99487,895.731,56.68236
894.11,58.89411,894.11,44.71347,894.11,58.0619,894.11,79.28514,894.11,43.65853,894.11,53.75362
892.488,54.29163,892.488,37.23839,892.488,55.54663,892.488,74.9034,892.488,45.19318,892.488,50.7011
890.866,55.52106,890.866,35.87355,890.866,54.16731,890.866,73.66419,890.866,42.93718,890.866,49.35528
889.243,54.96666,889.243,35.70116,889.243,50.81727,889.243,72.71722,889.243,37.80267,889.243,49.97771
887.62,49.11269,887.62,41.91946,887.62,50.3075,887.62,74.38766,887.62,31.99647,887.62,45.21577
885.997,48.86959,885.997,44.8169,885.997,49.0917,885.997,66.44567,885.997,30.39455,885.997,40.526
884.373,44.89566,884.373,42.51323,884.373,45.35067,884.373,66.72266,884.373,31.43442,884.373,35.6736
882.75,43.8879,882.75,42.85312,882.75,42.75959,882.75,66.6421,882.75,27.55019,882.75,35.1264
881.126,41.93627,881.126,50.35531,881.126,41.93995,881.126,63.71836,881.126,26.77515,881.126,33.80375
879.501,39.73206,879.501,45.18665,879.501,40.53711,879.501,64.22242,879.501,25.66065,879.501,33.5613
877.877,33.72227,877.877,44.94668,877.877,35.88179,877.877,56.6983,877.877,27.84639,877.877,33.504
876.252,29.01371,876.252,37.9409,876.252,40.74371,876.252,57.6708,876.252,29.26375,876.252,28.39406
874.626,22.90095,874.626,36.80326,874.626,43.34122,874.626,59.59334,874.626,27.63383,874.626,28.90449
873.001,22.44217,873.001,35.67681,873.001,41.9154,873.001,57.1369,873.001,28.81796,873.001,30.23565
871.375,23.33789,871.375,30.75401,871.375,43.75696,871.375,58.2925,871.375,31.98122,871.375,26.31298
869.748,21.48943,869.748,26.85448,869.748,41.02023,869.748,52.60185,869.748,38.79955,869.748,20.27691
868.122,17.59608,868.122,23.23582,868.122,41.09244,868.122,45.20735,868.122,38.73309,868.122,18.45351
866.495,15.36375,866.495,19.85941,866.495,38.52239,866.495,48.62475,866.495,42.15421,866.495,11.58113
864.868,14.51961,864.868,14.02882,864.868,34.55596,864.868,45.01429,864.868,43.0407,864.868,7.83401
863.241,16.43622,863.241,10.59854,863.241,32.65499,863.241,41.60599,863.241,37.03449,863.241,2.43215
861.613,16.82703,861.613,2.76832,861.613,32.55466,861.613,37.1693,861.613,35.77222,861.613,-4.73282
859.985,17.5871,859.985,2.22056,859.985,25.12822,859.985,29.62519,859.985,32.50969,859.985,-9.65327
858.356,19.87421,858.356,6.12231,858.356,24.16006,858.356,34.31068,858.356,27.76017,858.356,-10.5378
856.728,16.65807,856.728,7.39501,856.728,17.49104,856.728,34.72611,856.728,19.66981,856.728,-13.2306
855.099,16.71769,855.099,7.98036,855.099,9.70489,855.099,32.26328,855.099,14.5423,855.099,-16.42559
853.469,20.73889,853.469,8.71581,853.469,4.131,853.469,27.39475,853.469,12.37305,853.469,-12.13362
851.84,17.04204,851.84,11.85336,851.84,0.86171,851.84,31.88449,851.84,10.76612,851.84,-15.325
850.21,17.70366,850.21,10.55277,850.21,3.43049,850.21,32.68172,850.21,4.4769,850.21,-12.45644
848.58,15.39448,848.58,16.64464,848.58,-4.39146,848.58,34.21607,848.58,1.42701,848.58,-9.96053
846.949,17.06001,846.949,17.22089,846.949,-5.17046,846.949,34.09763,846.949,1.18631,846.949,-10.58816
845.318,12.79758,845.318,18.20978,845.318,-9.37348,845.318,32.14581,845.318,2.15022,845.318,-9.23219
843.687,15.56514,843.687,15.70892,843.687,-10.87419,843.687,39.3066,843.687,2.04566,843.687,-11.70701
842.056,16.19751,842.056,13.84918,842.056,-12.83241,842.056,41.13966,842.056,3.06825,842.056,-14.52775
840.424,19.19073,840.424,15.36348,840.424,-13.28681,840.424,35.71916,840.424,5.36555,840.424,-21.59191
838.792,19.12783,838.792,8.98964,838.792,-15.29014,838.792,39.58717,838.792,9.96533,838.792,-22.41127
837.159,17.92439,837.159,9.74315,837.159,-18.451,837.159,35.96947,837.159,8.83559,837.159,-22.34427
835.527,12.50002,835.527,12.02021,835.527,-14.16575,835.527,33.95614,835.527,2.49355,835.527,-19.06342
833.894,8.89846,833.894,12.27988,833.894,-11.93714,833.894,32.93869,833.894,3.65549,833.894,-24.28092
832.26,8.1515,832.26,10.16639,832.26,-14.85445,832.26,29.16742,832.26,2.88462,832.26,-26.33797
830.627,5.55795,830.627,5.34809,830.627,-16.91319,830.627,28.56002,830.627,-0.76796,830.627,-23.78101
828.993,2.76349,828.993,0.91976,828.993,-13.38942,828.993,25.34453,828.993,2.08716,828.993,-22.47065
827.358,0.44563,827.358,0.43383,827.358,-11.0284,827.358,21.18655,827.358,-4.03312,827.358,-21.39856
825.724,-1.88925,825.724,-3.2467,825.724,-9.00456,825.724,20.88026,825.724,-8.58002,825.724,-18.75976
824.089,-5.48942,824.089,-9.63541,824.089,-13.15555,824.089,18.90901,824.089,-12.02729,824.089,-14.31116
822.454,-3.74255,822.454,-16.32692,822.454,-15.306,822.454,10.29561,822.454,-9.68611,822.454,-9.34814
820.818,-5.33789,820.818,-21.20375,820.818,-14.87424,820.818,11.16495,820.818,-5.21518,820.818,-11.14147
819.183,-13.17446,819.183,-25.6116,819.183,-11.71034,819.183,15.73276,819.183,-4.38465,819.183,-12.4572
817.546,-9.70267,817.546,-24.90696,817.546,-8.87105,817.546,16.22624,817.546,-4.67011,817.546,-10.46696
815.91,-9.39575,815.91,-20.65813,815.91,-12.80562,815.91,17.7821,815.91,0.92282,815.91,-10.70354
814.273,-9.24707,814.273,-21.67558,814.273,-12.21352,814.273,20.57808,814.273,1.65634,814.273,-16.34541
812.636,-11.50919,812.636,-17.64207,812.636,-13.8535,812.636,25.23908,812.636,3.18525,812.636,-14.83576
810.999,-11.3557,810.999,-16.5642,810.999,-13.49997,810.999,27.03004,810.999,1.87483,810.999,-22.5104
809.361,-13.4414,809.361,-14.24247,809.361,-11.7742,809.361,24.97306,809.361,3.29477,809.361,-29.19468
807.723,-11.55306,807.723,-13.14027,807.723,-13.41919,807.723,26.39322,807.723,5.29633,807.723,-28.7208
806.085,-8.66943,806.085,-7.68429,806.085,-19.51827,806.085,27.70372,806.085,4.81984,806.085,-21.17906
804.446,-6.53967,804.446,-1.00207,804.446,-17.5833,804.446,25.38568,804.446,2.2702,804.446,-15.41834
802.808,-10.9003,802.808,2.06795,802.808,-15.9948,802.808,21.51804,802.808,2.15552,802.808,-13.99126
801.168,-9.77196,801.168,3.11939,801.168,-13.75343,801.168,17.68656,801.168,2.62072,801.168,-15.40258
799.529,-9.44388,799.529,3.66257,799.529,-10.83874,799.529,19.66597,799.529,-1.50584,799.529,-13.73975
797.889,-9.40411,797.889,4.6659,797.889,-7.01741,797.889,13.73109,797.889,-2.70002,797.889,-10.73654
796.249,-0.92609,796.249,6.27208,796.249,-1.02062,796.249,8.99459,796.249,-2.68328,796.249,-11.372
794.608,-0.63516,794.608,2.34133,794.608,-1.25027,794.608,5.40615,794.608,-2.92607,794.608,-17.25221
792.968,3.17499,792.968,-1.79261,792.968,-7.49509,792.968,2.0002,792.968,-2.12652,792.968,-14.75149
791.327,-1.22976,791.327,-5.96269,791.327,-13.03243,791.327,3.37505,791.327,3.49332,791.327,-14.37242
789.685,0.11076,789.685,-10.58085,789.685,-15.27704,789.685,-1.22691,789.685,6.0955,789.685,-14.26601
788.043,-0.39662,788.043,-14.97711,788.043,-12.99804,788.043,-1.28807,788.043,7.00542,788.043,-18.44908
786.401,-2.19185,786.401,-11.7727,786.401,-10.8965,786.401,-0.60649,786.401,9.4051,786.401,-16.97105
784.759,-0.3845,784.759,-9.99362,784.759,-9.4929,784.759,-0.49154,784.759,10.22685,784.759,-22.10448
783.117,-0.7811,783.117,-10.84856,783.117,-13.86036,783.117,1.69765,783.117,7.97124,783.117,-22.98149
781.474,-3.4482,781.474,-7.82738,781.474,-15.16492,781.474,5.30486,781.474,3.87644,781.474,-25.40675
779.83,-3.01285,779.83,-5.48002,779.83,-8.4596,779.83,5.5707,779.83,3.12087,779.83,-22.75069
778.187,-6.44168,778.187,-1.24719,778.187,-3.17249,778.187,0.000581797,778.187,1.8656,778.187,-23.87534
776.543,-7.53762,776.543,1.46295,776.543,-1.14955,776.543,-0.27162,776.543,8.04459,776.543,-21.78361
774.899,-7.98203,774.899,1.77904,774.899,-2.15969,774.899,0.14621,774.899,8.54273,774.899,-15.66452
773.254,-10.21797,773.254,3.75591,773.254,-2.55293,773.254,-4.26239,773.254,7.02521,773.254,-13.20298
771.609,-11.25196,771.609,-0.29743,771.609,3.50878,771.609,-4.22083,771.609,7.19178,771.609,-8.40183
769.964,-15.37241,769.964,-0.92808,769.964,8.99997,769.964,-7.60647,769.964,7.85948,769.964,-10.28715
768.319,-13.13155,768.319,-3.00494,768.319,10.189,768.319,-11.75703,768.319,4.54805,768.319,-15.31902
766.673,-11.622,766.673,-1.27014,766.673,14.51837,766.673,-6.58192,766.673,5.13289,766.673,-17.85569
765.027,-8.80165,765.027,-1.64228,765.027,14.19413,765.027,-7.91298,765.027,7.92797,765.027,-19.44018
763.381,-7.59269,763.381,-3.05436,763.381,9.24592,763.381,-0.96892,763.381,8.08001,763.381,-22.02892
761.734,-10.73962,761.734,-3.56391,761.734,6.4448,761.734,0.47175,761.734,7.95803,761.734,-24.2411
760.087,-7.65326,760.087,-2.38608,760.087,0.70903,760.087,4.63797,760.087,7.51409,760.087,-19.54754
758.44,-11.21756,758.44,-6.08294,758.44,-0.26979,758.44,11.10675,758.44,8.92363,758.44,-21.9725
756.792,-8.87205,756.792,-11.2452,756.792,3.07256,756.792,14.52335,756.792,4.90193,756.792,-23.85368
755.144,-9.37738,755.144,-11.03939,755.144,2.0037,755.144,19.38204,755.144,3.4684,755.144,-26.85179
753.496,-11.86164,753.496,-9.76905,753.496,-1.33284,753.496,22.60159,753.496,6.71707,753.496,-28.33312
751.847,-11.61988,751.847,-11.86151,751.847,-1.09393,751.847,26.32531,751.847,2.51108,751.847,-28.5878
750.198,-9.17108,750.198,-10.41571,750.198,0.49013,750.198,31.19797,750.198,0.30626,750.198,-29.74441
748.549,-4.67062,748.549,-13.44806,748.549,3.74258,748.549,33.80272,748.549,-1.42549,748.549,-31.089
746.9,-0.59854,746.9,-9.92613,746.9,8.5047,746.9,31.26673,746.9,-7.49529,746.9,-32.26175
745.25,-1.62392,745.25,-5.73533,745.25,8.64336,745.25,28.60346,745.25,-6.74714,745.25,-33.27708
743.6,-2.40634,743.6,-5.44594,743.6,10.9601,743.6,34.98071,743.6,-6.43424,743.6,-25.73674
741.949,2.11924,741.949,-4.09636,741.949,7.47463,741.949,31.96564,741.949,-2.69641,741.949,-22.34239
740.298,1.99073,740.298,-9.83989,740.298,7.74797,740.298,34.69348,740.298,-1.74059,740.298,-19.54268
738.647,2.79098,738.647,-7.07653,738.647,10.65986,738.647,31.45978,738.647,0.06487,738.647,-17.89294
736.996,-1.26043,736.996,-8.9556,736.996,11.94663,736.996,27.75659,736.996,2.92597,736.996,-22.25065
735.344,0.15565,735.344,-7.59554,735.344,10.45402,735.344,23.35898,735.344,0.69578,735.344,-21.33725
733.692,3.90699,733.692,-3.219,733.692,16.50826,733.692,24.08896,733.692,5.11965,733.692,-18.38434
732.04,-1.01575,732.04,-4.54482,732.04,21.74915,732.04,24.09103,732.04,4.58211,732.04,-19.21583
730.387,-1.35631,730.387,-0.95932,730.387,17.12572,730.387,23.28825,730.387,4.1749,730.387,-18.10722
728.734,-1.1394,728.734,0.87991,728.734,21.39265,728.734,16.81105,728.734,3.25035,728.734,-15.80055
727.081,1.12635,727.081,4.52362,727.081,22.10756,727.081,14.33303,727.081,6.74507,727.081,-18.176
725.427,-4.25257,725.427,7.52222,725.427,24.14628,725.427,13.57882,725.427,4.2351,725.427,-16.53395
723.773,-3.58781,723.773,9.91684,723.773,21.76614,723.773,17.80855,723.773,2.08597,723.773,-18.11477
722.119,-3.8866,722.119,11.23703,722.119,16.95341,722.119,15.26399,722.119,5.67769,722.119,-19.42973
720.465,-5.82147,720.465,14.49424,720.465,17.02552,720.465,11.4884,720.465,9.50216,720.465,-24.36101
718.81,-6.31663,718.81,10.9647,718.81,14.10519,718.81,12.08753,718.81,4.88276,718.81,-27.48194
717.155,-3.80185,717.155,8.37117,717.155,12.42184,717.155,10.29876,717.155,0.78241,717.155,-32.47975
715.499,2.85639,715.499,10.38986,715.499,10.55388,715.499,6.42174,715.499,-2.67661,715.499,-32.58277
713.843,1.68844,713.843,13.24981,713.843,7.38572,713.843,4.55458,713.843,-3.35283,713.843,-30.1396
712.187,3.98845,712.187,10.07087,712.187,2.12749,712.187,3.51621,712.187,-1.4959,712.187,-24.02613
710.531,7.14794,710.531,10.81977,710.531,4.07188,710.531,7.53253,710.531,2.30204,710.531,-18.09071
708.874,11.25027,708.874,12.90983,708.874,-1.77972,708.874,7.87265,708.874,3.3526,708.874,-20.13133
707.217,8.71818,707.217,9.07393,707.217,-3.42342,707.217,16.00644,707.217,-2.36979,707.217,-15.97012
705.56,8.75135,705.56,10.55839,705.56,-3.74159,705.56,13.30733,705.56,-2.6625,705.56,-13.89922
703.902,15.06542,703.902,7.02269,703.902,-2.83072,703.902,15.36257,703.902,-0.35638,703.902,-14.46234
702.244,20.03119,702.244,11.9107,702.244,-1.61497,702.244,13.6118,702.244,-0.64018,702.244,-10.22156
700.586,23.28124,700.586,6.84412,700.586,3.6639,700.586,15.08126,700.586,0.73954,700.586,-11.04828
698.927,23.78617,698.927,-0.15116,698.927,4.88941,698.927,18.02674,698.927,0.57471,698.927,-10.6238
697.268,30.17848,697.268,1.26583,697.268,1.45681,697.268,16.26793,697.268,0.26541,697.268,-9.99662
695.609,33.73806,695.609,1.34576,695.609,6.33186,695.609,12.3727,695.609,-2.83492,695.609,-6.50685
693.949,34.01951,693.949,1.01476,693.949,5.43279,693.949,12.23265,693.949,-1.77561,693.949,-8.4827
692.289,32.78975,692.289,-1.96699,692.289,1.92805,692.289,16.66875,692.289,-3.12977,692.289,-4.38388
690.629,33.13832,690.629,-6.379,690.629,-2.36067,690.629,21.51578,690.629,-1.94208,690.629,-11.77375
688.968,30.75246,688.968,-8.93927,688.968,0.69247,688.968,18.7655,688.968,2.81813,688.968,-15.69246
687.308,28.47729,687.308,-7.33965,687.308,0.68532,687.308,19.47893,687.308,-2.90272,687.308,-18.18761
685.646,25.17354,685.646,-14.4919,685.646,-1.84742,685.646,17.70598,685.646,-6.52539,685.646,-17.26505
683.985,21.66533,683.985,-13.68017,683.985,-0.95872,683.985,15.85411,683.985,-6.63646,683.985,-18.7691
682.323,13.6727,682.323,-11.21274,682.323,-2.11179,682.323,14.3956,682.323,-5.88601,682.323,-22.38479
680.661,5.82331,680.661,-11.96181,680.661,-5.89786,680.661,13.35084,680.661,-6.37084,680.661,-17.47897
678.999,4.57802,678.999,-10.29351,678.999,-11.00894,678.999,10.33547,678.999,-5.04755,678.999,-19.72403
677.336,-0.12156,677.336,-8.99695,677.336,-8.10307,677.336,12.06531,677.336,-5.61728,677.336,-24.26691
675.673,-3.99009,675.673,-5.60244,675.673,-7.15334,675.673,9.72779,675.673,-10.88556,675.673,-25.36685
674.009,-3.51381,674.009,-5.59809,674.009,-8.12469,674.009,14.06275,674.009,-8.64707,674.009,-21.87993
672.346,-5.68087,672.346,-2.21177,672.346,-3.84243,672.346,11.07451,672.346,-4.15027,672.346,-25.90186
670.682,0.20015,670.682,-0.14792,670.682,-2.9688,670.682,11.92737,670.682,-0.42626,670.682,-24.42187
669.017,0.06546,669.017,2.41211,669.017,0.22377,669.017,12.22308,669.017,-3.50606,669.017,-21.63261
667.353,0.83197,667.353,-2.8886,667.353,2.40535,667.353,12.90161,667.353,-2.79246,667.353,-18.62517
665.688,-0.09232,665.688,-4.09825,665.688,-1.05754,665.688,15.92668,665.688,0.53105,665.688,-19.86762
664.022,-3.03225,664.022,1.10372,664.022,1.01221,664.022,18.17376,664.022,-4.24021,664.022,-17.94765
662.357,-6.39418,662.357,1.77297,662.357,-3.36598,662.357,17.59761,662.357,-7.20695,662.357,-17.20027
660.691,-8.58091,660.691,-3.01257,660.691,-4.32616,660.691,20.08853,660.691,-7.12305,660.691,-20.14699
659.025,-7.73162,659.025,-6.72934,659.025,-7.10115,659.025,19.51719,659.025,-7.48232,659.025,-14.04557
657.358,-8.97684,657.358,-7.76068,657.358,-6.47874,657.358,20.88452,657.358,-8.66116,657.358,-16.91738
655.691,-7.65415,655.691,-10.94788,655.691,-5.17071,655.691,18.57643,655.691,-7.38495,655.691,-14.10362
654.024,-9.2062,654.024,-13.72527,654.024,-7.25575,654.024,14.31517,654.024,-10.8417,654.024,-10.58861
652.356,-16.63928,652.356,-13.15312,652.356,-5.62394,652.356,12.22059,652.356,-9.64935,652.356,-8.47001
650.688,-24.5675,650.688,-11.47865,650.688,-8.67841,650.688,13.41731,650.688,-12.19759,650.688,-7.31821
649.02,-26.33931,649.02,-11.66278,649.02,-12.11736,649.02,11.71403,649.02,-16.31091,649.02,-4.25701
647.352,-20.91304,647.352,-9.79079,647.352,-13.32278,647.352,12.82237,647.352,-11.22526,647.352,0.17191
645.683,-16.41215,645.683,-8.37939,645.683,-16.86602,645.683,10.86865,645.683,-6.48777,645.683,-3.46914
644.014,-16.36794,644.014,-13.25071,644.014,-13.1138,644.014,7.0035,644.014,-7.2349,644.014,-6.00822
642.344,-13.93932,642.344,-7.44193,642.344,-16.54371,642.344,9.90186,642.344,-2.60906,642.344,-5.78749
640.675,-13.83803,640.675,-4.14494,640.675,-16.42701,640.675,16.1536,640.675,2.71769,640.675,-4.06559
639.005,-11.75789,639.005,0.32798,639.005,-15.99919,639.005,19.1215,639.005,1.99236,639.005,-5.05846
637.334,-6.67402,637.334,2.13397,637.334,-17.40958,637.334,18.41684,637.334,4.85771,637.334,-0.40275
635.664,-5.39007,635.664,1.44704,635.664,-12.11785,635.664,20.29469,635.664,5.62995,635.664,-3.96579
633.993,-4.55842,633.993,4.95963,633.993,-12.99563,633.993,21.00366,633.993,9.64986,633.993,-4.06343
632.321,-10.31793,632.321,5.88853,632.321,-12.50766,632.321,25.24417,632.321,8.43687,632.321,-7.60902
630.649,-10.41729,630.649,12.00547,630.649,-10.79369,630.649,23.44922,630.649,1.83105,630.649,-3.06093
628.978,-11.65408,628.978,10.39933,628.978,-12.7406,628.978,20.00578,628.978,0.34576,628.978,-7.37676
627.305,-10.42488,627.305,4.91026,627.305,-4.78656,627.305,18.78626,627.305,0.03782,627.305,-9.84758
625.633,-15.25639,625.633,8.60261,625.633,-6.41798,625.633,13.03748,625.633,2.02758,625.633,-6.19146
623.96,-17.35575,623.96,10.01636,623.96,-5.13784,623.96,10.83604,623.96,3.15263,623.96,-8.90854
622.286,-12.80916,622.286,7.22267,622.286,-2.13251,622.286,4.53186,622.286,2.27142,622.286,-12.65137
620.613,-15.78046,620.613,8.60381,620.613,2.16099,620.613,1.8102,620.613,2.56933,620.613,-12.03103
618.939,-13.41794,618.939,8.77342,618.939,5.22542,618.939,1.93546,618.939,-1.76159,618.939,-9.03599
617.265,-10.68656,617.265,-1.10762,617.265,6.11765,617.265,2.4418,617.265,-5.00716,617.265,-7.08704
615.59,-5.06742,615.59,-3.97694,615.59,6.6193,615.59,-2.69802,615.59,-1.99639,615.59,-8.04574
613.915,-1.12657,613.915,-7.05389,613.915,5.40781,613.915,0.92041,613.915,3.87239,613.915,-7.5087
612.24,1.29649,612.24,-6.21857,612.24,0.65223,612.24,-3.25608,612.24,0.80223,612.24,-9.98266
610.564,2.57102,610.564,-5.9906,610.564,0.14212,610.564,-4.87959,610.564,-0.47202,610.564,-5.96922
608.889,-0.98658,608.889,-0.46822,608.889,-2.542,608.889,-0.90675,608.889,1.55161,608.889,-1.07717
607.212,1.23338,607.212,0.69191,607.212,2.64399,607.212,1.09417,607.212,-1.2461,607.212,1.27613
605.536,5.07455,605.536,2.00291,605.536,3.8878,605.536,4.09545,605.536,0.63442,605.536,3.71652
603.859,7.59135,603.859,5.67193,603.859,11.38581,603.859,1.49827,603.859,4.55934,603.859,1.72965
602.182,8.36929,602.182,5.04094,602.182,17.61169,602.182,1.59364,602.182,6.39034,602.182,0.9502
600.505,8.58478,600.505,12.23062,600.505,16.75262,600.505,6.03399,600.505,5.87668,600.505,5.90555
598.827,8.52662,598.827,14.73324,598.827,17.36331,598.827,8.54049,598.827,4.03132,598.827,6.1694
597.149,11.2871,597.149,18.00997,597.149,15.78666,597.149,6.65048,597.149,5.99413,597.149,3.30041
595.47,11.6634,595.47,17.83515,595.47,19.54216,595.47,10.62632,595.47,10.16894,595.47,-4.94012
593.792,9.80437,593.792,17.54319,593.792,18.99442,593.792,16.28835,593.792,13.15464,593.792,-4.88993
592.113,8.39945,592.113,18.53354,592.113,15.3451,592.113,15.60093,592.113,18.49141,592.113,-5.2894
590.433,12.16875,590.433,14.77956,590.433,16.90283,590.433,19.64091,590.433,19.73149,590.433,-11.24533
588.754,15.32972,588.754,11.3423,588.754,17.35269,588.754,20.57945,588.754,22.03101,588.754,-16.50972
587.074,17.01804,587.074,12.22924,587.074,17.70223,587.074,25.09384,587.074,28.071,587.074,-16.6616
585.393,21.88282,585.393,8.987,585.393,20.39658,585.393,30.23308,585.393,30.1278,585.393,-15.51334
583.713,20.39434,583.713,7.4582,583.713,18.94138,583.713,36.45923,583.713,35.81987,583.713,-15.92233
582.032,20.13407,582.032,10.26628,582.032,13.99248,582.032,38.90988,582.032,38.72203,582.032,-17.6003
580.35,22.74512,580.35,10.50213,580.35,10.54883,580.35,43.33006,580.35,40.30201,580.35,-9.96661
578.669,21.29738,578.669,17.15695,578.669,10.89844,578.669,43.66163,578.669,43.00756,578.669,-10.00825
576.987,19.70724,576.987,20.69703,576.987,12.4265,576.987,49.58728,576.987,44.43429,576.987,-0.85959
575.305,17.57085,575.305,23.80035,575.305,13.88145,575.305,51.58886,575.305,45.54434,575.305,3.01918
573.622,22.15201,573.622,28.12584,573.622,10.7589,573.622,54.24384,573.622,44.6144,573.622,12.25053
571.939,24.39762,571.939,32.36653,571.939,11.36311,571.939,54.12662,571.939,41.87587,571.939,17.55262
570.256,22.22047,570.256,39.68337,570.256,14.76023,570.256,55.93272,570.256,41.52067,570.256,20.80196
568.572,24.83685,568.572,42.02272,568.572,15.88756,568.572,52.85673,568.572,37.28456,568.572,28.71359
566.888,33.52163,566.888,45.90307,566.888,13.08714,566.888,57.54129,566.888,35.97718,566.888,33.72816
565.204,43.88327,565.204,45.82549,565.204,19.18082,565.204,58.65098,565.204,36.18833,565.204,31.00098
563.52,46.99785,563.52,42.24989,563.52,25.74912,563.52,58.83242,563.52,35.25556,563.52,33.08752
561.835,49.78183,561.835,45.32321,561.835,31.67331,561.835,62.58874,561.835,35.86455,561.835,36.46992
560.15,49.95936,560.15,44.80428,560.15,33.35465,560.15,60.7223,560.15,35.57717,560.15,41.04149
558.464,51.87627,558.464,45.98071,558.464,39.83656,558.464,57.47523,558.464,35.33311,558.464,38.1008
556.778,54.80609,556.778,44.4558,556.778,44.9089,556.778,59.04394,556.778,37.27863,556.778,39.26636
555.092,57.70763,555.092,45.10324,555.092,52.46744,555.092,59.20776,555.092,36.94491,555.092,40.60597
553.406,60.94025,553.406,49.69315,553.406,54.11968,553.406,59.68983,553.406,39.58735,553.406,35.71123
551.719,60.9731,551.719,49.90729,551.719,61.87272,551.719,62.17397,551.719,40.19458,551.719,36.95119
550.032,56.11454,550.032,50.19526,550.032,61.71025,550.032,63.06358,550.032,44.01789,550.032,39.65187
548.344,56.89908,548.344,50.91616,548.344,64.52609,548.344,68.40623,548.344,50.01661,548.344,40.30946
546.657,59.1868,546.657,56.4402,546.657,69.77572,546.657,68.53899,546.657,54.28306,546.657,41.77061
544.969,58.15014,544.969,62.67404,544.969,73.46965,544.969,74.63907,544.969,60.5828,544.969,42.50028
543.28,62.60592,543.28,67.71737,543.28,75.99717,543.28,79.62586,543.28,63.97865,543.28,47.31502
541.591,67.81003,541.591,70.14014,541.591,76.4047,541.591,78.57972,541.591,69.73366,541.591,52.31194
539.902,68.47863,539.902,70.2531,539.902,74.26469,539.902,82.55112,539.902,66.06661,539.902,59.61197
538.213,71.09168,538.213,68.20639,538.213,74.58716,538.213,88.21451,538.213,54.70366,538.213,58.84197
536.523,74.24425,536.523,72.7201,536.523,78.39091,536.523,91.17934,536.523,61.96752,536.523,62.68593
534.833,92.72293,534.833,86.23829,534.833,86.55309,534.833,91.35363,534.833,72.59763,534.833,70.59664
533.143,108.01717,533.143,104.47536,533.143,93.90925,533.143,97.53781,533.143,93.77259,533.143,77.10163
531.452,116.43865,531.452,124.08814,531.452,105.06726,531.452,105.7373,531.452,113.26687,531.452,84.23287
529.761,121.52038,529.761,138.19514,529.761,113.55836,529.761,108.3408,529.761,126.9087,529.761,96.89293
528.07,129.09833,528.07,152.69963,528.07,121.67128,528.07,112.93785,528.07,144.77988,528.07,103.39374
526.378,134.17367,526.378,165.56035,526.378,129.89085,526.378,112.81871,526.378,153.50969,526.378,111.39885
524.686,140.04417,524.686,172.08386,524.686,139.94732,524.686,117.81638,524.686,159.19747,524.686,118.67861
522.994,142.54883,522.994,175.63454,522.994,140.02886,522.994,122.48543,522.994,164.04511,522.994,126.84359
521.301,142.76093,521.301,183.37733,521.301,142.94223,521.301,121.56672,521.301,166.58955,521.301,126.86414
519.608,142.26106,519.608,185.45186,519.608,141.79517,519.608,122.02287,519.608,172.67593,519.608,125.95677
517.915,144.59881,517.915,183.24899,517.915,150.00055,517.915,125.68419,517.915,171.48356,517.915,129.21053
516.221,140.16955,516.221,184.60414,516.221,150.29249,516.221,129.9003,516.221,172.99824,516.221,130.20149
514.528,142.29543,514.528,182.59837,514.528,152.25101,514.528,138.12919,514.528,171.71421,514.528,131.83485
512.833,138.87489,512.833,183.16202,512.833,154.79178,512.833,136.28469,512.833,164.42949,512.833,134.90425
511.139,137.2579,511.139,177.97723,511.139,157.86089,511.139,140.63718,511.139,158.84274,511.139,139.60163
509.444,137.27989,509.444,170.15075,509.444,160.10629,509.444,141.36771,509.444,153.21789,509.444,136.80142
507.749,139.08124,507.749,160.54475,507.749,158.37146,507.749,143.2576,507.749,145.73077,507.749,135.39058
506.053,139.64294,506.053,150.63579,506.053,153.62803,506.053,150.65033,506.053,133.1022,506.053,138.08023
504.357,148.28054,504.357,142.64373,504.357,155.11768,504.357,154.57658,504.357,130.22897,504.357,139.62101
502.661,159.04289,502.661,147.24618,502.661,160.2562,502.661,155.09072,502.661,144.28222,502.661,144.98391
500.964,173.504,500.964,157.07579,500.964,167.18501,500.964,159.7846,500.964,156.46508,500.964,150.31173
499.267,177.99203,499.267,166.12451,499.267,172.22878,499.267,158.55791,499.267,165.30686,499.267,156.2101
497.57,178.19567,497.57,169.32714,497.57,180.97641,497.57,169.37736,497.57,169.22494,497.57,160.39218
495.873,185.78512,495.873,168.24064,495.873,188.64631,495.873,174.02566,495.873,173.10572,495.873,167.71237
494.175,191.17166,494.175,168.3889,494.175,196.16808,494.175,183.97345,494.175,178.11439,494.175,171.95783
492.477,195.6626,492.477,178.33066,492.477,201.4382,492.477,192.29897,492.477,178.59446,492.477,177.79134
490.778,201.54912,490.778,177.03221,490.778,203.96898,490.778,199.83353,490.778,184.30459,490.778,182.43257
489.079,206.43085,489.079,181.37617,489.079,201.10007,489.079,201.97749,489.079,190.52337,489.079,182.90542
487.38,211.67696,487.38,183.98801,487.38,201.27197,487.38,203.71672,487.38,198.2698,487.38,182.73392
485.681,218.46993,485.681,186.5576,485.681,206.57729,485.681,212.33824,485.681,201.1308,485.681,184.91764
483.981,227.53941,483.981,196.21081,483.981,211.6055,483.981,219.20801,483.981,201.34344,483.981,190.65096
482.281,228.17046,482.281,206.69131,482.281,212.8465,482.281,226.03239,482.281,205.62224,482.281,197.49408
480.58,233.09107,480.58,217.04539,480.58,217.82215,480.58,233.89694,480.58,210.74335,480.58,209.16011
478.88,235.55157,478.88,226.96827,478.88,219.38288,478.88,240.36345,478.88,213.19781,478.88,213.96768
477.178,241.87522,477.178,231.62604,477.178,225.3836,477.178,244.31067,477.178,214.23564,477.178,217.34817
475.477,246.19438,475.477,242.65715,475.477,229.55557,475.477,250.09931,475.477,224.79731,475.477,222.33829
473.775,254.84906,473.775,251.93129,473.775,231.93991,473.775,256.51338,473.775,232.88457,473.775,231.22474
472.073,261.83874,472.073,253.07138,472.073,231.90064,472.073,265.80763,472.073,238.27835,472.073,236.29655
470.371,268.53819,470.371,263.4408,470.371,241.3812,470.371,270.20507,470.371,245.01511,470.371,243.57157
468.668,270.12868,468.668,272.23757,468.668,246.62122,468.668,271.68228,468.668,251.3152,468.668,247.53943
466.965,272.62601,466.965,275.76954,466.965,256.41305,466.965,270.86916,466.965,252.05909,466.965,253.16555
465.261,274.13233,465.261,280.34533,465.261,267.66938,465.261,274.29722,465.261,257.91825,465.261,259.66392
463.558,275.46699,463.558,285.89715,463.558,276.94706,463.558,287.7246,463.558,258.94348,463.558,269.54064
461.854,278.91526,461.854,288.25791,461.854,287.43027,461.854,290.45644,461.854,264.52647,461.854,276.63784
460.149,282.33071,460.149,290.66211,460.149,298.92902,460.149,294.22351,460.149,266.79286,460.149,283.21558
458.445,288.41189,458.445,294.7238,458.445,306.36435,458.445,301.7029,458.445,270.52157,458.445,288.93779
456.74,291.90607,456.74,294.3308,456.74,312.64504,456.74,298.43139,456.74,281.79585,456.74,295.37119
455.034,296.02882,455.034,298.4841,455.034,317.95529,455.034,296.10967,455.034,291.5801,455.034,299.2168
453.328,298.90595,453.328,304.70081,453.328,323.141,453.328,301.39898,453.328,298.93894,453.328,307.13023
451.622,307.16421,451.622,309.25123,451.622,333.78071,451.622,305.75555,451.622,302.74594,451.622,311.50913
449.916,316.05049,449.916,322.30483,449.916,340.46445,449.916,308.55702,449.916,310.72347,449.916,319.11639
448.209,322.86217,448.209,328.61281,448.209,349.13755,448.209,316.97807,448.209,317.89579,448.209,323.3095
446.502,332.23542,446.502,331.68428,446.502,354.58412,446.502,324.33117,446.502,324.23114,446.502,330.30198
444.795,338.2455,444.795,331.38113,444.795,355.38962,444.795,329.36713,444.795,326.10555,444.795,331.43753
443.087,349.84089,443.087,337.8333,443.087,358.10834,443.087,335.04892,443.087,329.68081,443.087,334.54586
441.379,355.42806,441.379,351.85105,441.379,360.00172,441.379,344.64756,441.379,337.13306,441.379,336.15896
439.671,366.39439,439.671,362.79771,439.671,361.79876,439.671,349.46424,439.671,339.42617,439.671,340.18168
437.962,372.67359,437.962,363.58523,437.962,366.02308,437.962,358.71247,437.962,340.90493,437.962,341.73367
436.253,380.09648,436.253,371.9564,436.253,372.33962,436.253,365.53791,436.253,342.24876,436.253,349.6515
434.544,384.9569,434.544,368.40176,434.544,375.48463,434.544,367.66088,434.544,341.96826,434.544,347.79942
432.834,388.62051,432.834,366.29058,432.834,380.69843,432.834,372.13287,432.834,340.05923,432.834,352.80322
431.124,393.02475,431.124,375.51023,431.124,390.48123,431.124,379.65683,431.124,342.17383,431.124,354.52668
429.414,395.6948,429.414,382.74168,429.414,393.32515,429.414,388.40817,429.414,338.68627,429.414,360.68618
427.703,400.03916,427.703,388.55224,427.703,399.46372,427.703,392.65114,427.703,339.82457,427.703,365.04155
425.992,405.88463,425.992,397.02731,425.992,408.20751,425.992,403.12273,425.992,342.26735,425.992,373.57924
424.281,411.0995,424.281,405.44742,424.281,417.1163,424.281,412.9299,424.281,348.54047,424.281,378.07598
422.569,410.3998,422.569,419.06802,422.569,424.41549,422.569,414.4968,422.569,359.46045,422.569,389.87538
420.857,414.00471,420.857,428.86038,420.857,432.80337,420.857,419.6355,420.857,367.83664,420.857,394.19059
419.145,418.57473,419.145,443.0083,419.145,440.87801,419.145,430.15163,419.145,376.47818,419.145,402.2092
417.432,426.4568,417.432,455.21254,417.432,450.13926,417.432,437.8034,417.432,385.71748,417.432,406.62921
415.719,430.32648,415.719,467.05273,415.719,457.60845,415.719,447.17757,415.719,392.96763,415.719,415.1832
414.006,442.53654,414.006,470.95301,414.006,470.44902,414.006,455.76979,414.006,403.07378,414.006,420.51757
412.293,449.29166,412.293,474.45352,412.293,476.64513,412.293,455.83245,412.293,412.87747,412.293,429.98394
410.579,454.98272,410.579,478.65289,410.579,482.18795,410.579,459.22634,410.579,420.63333,410.579,435.70816
408.864,465.89284,408.864,486.06164,408.864,489.84594,408.864,466.47436,408.864,426.60621,408.864,444.13389
407.15,469.61935,407.15,493.92394,407.15,496.17376,407.15,470.10848,407.15,436.04756,407.15,451.79854
405.435,476.46855,405.435,494.55847,405.435,501.92386,405.435,469.40461,405.435,444.6901,405.435,461.29589
403.719,484.78041,403.719,488.9538,403.719,510.14951,403.719,470.35574,403.719,450.45475,403.719,467.18478
402.004,489.76556,402.004,493.01204,402.004,514.65792,402.004,470.79124,402.004,456.72141,402.004,473.51273
400.288,489.54038,400.288,496.82633,400.288,518.99715,400.288,469.10479,400.288,462.9086,400.288,477.03539
398.572,494.91879,398.572,500.23772,398.572,525.32123,398.572,476.69884,398.572,469.29713,398.572,486.40372
396.855,500.45698,396.855,509.9762,396.855,527.28032,396.855,480.48032,396.855,474.21746,396.855,491.70264
395.138,510.19016,395.138,512.1596,395.138,528.06815,395.138,488.52763,395.138,478.87806,395.138,497.01395
393.421,517.34989,393.421,517.86975,393.421,539.18716,393.421,493.95536,393.421,487.45133,393.421,503.20027
391.703,523.64227,391.703,525.60681,391.703,545.07929,391.703,503.11029,391.703,491.69352,391.703,511.60722
389.985,527.01474,389.985,532.78004,389.985,551.52638,389.985,512.66363,389.985,496.42905,389.985,520.28004
388.267,535.07641,388.267,541.55314,388.267,556.53019,388.267,518.67081,388.267,502.86652,388.267,527.68834
386.548,541.61636,386.548,548.24528,386.548,559.31071,386.548,521.70483,386.548,508.30898,386.548,529.58608
384.829,550.05789,384.829,553.15013,384.829,561.61936,384.829,527.97318,384.829,511.1108,384.829,537.72711
383.11,553.54051,383.11,558.4771,383.11,570.93747,383.11,541.68875,383.11,514.55505,383.11,542.07844
381.39,553.24151,381.39,556.6934,381.39,579.16687,381.39,547.78087,381.39,520.25635,381.39,551.92046
379.671,562.67018,379.671,561.19082,379.671,589.3272,379.671,553.74116,379.671,531.57012,379.671,556.89244
377.95,561.85492,377.95,563.36247,377.95,595.33372,377.95,560.51577,377.95,535.22802,377.95,569.3271
376.23,565.16479,376.23,563.96991,376.23,596.94984,376.23,572.19782,376.23,540.80099,376.23,572.70708
374.509,571.77098,374.509,573.39306,374.509,597.6958,374.509,582.93418,374.509,549.07945,374.509,576.17342
372.787,573.99107,372.787,581.39597,372.787,602.05313,372.787,585.85213,372.787,560.38328,372.787,581.9679
371.066,579.94394,371.066,585.72291,371.066,606.94028,371.066,589.45177,371.066,566.7918,371.066,586.57702
369.344,582.66702,369.344,592.08657,369.344,619.76262,369.344,592.09501,369.344,574.5383,369.344,591.3176
367.622,586.51203,367.622,601.65827,367.622,627.30124,367.622,601.36576,367.622,580.333,367.622,596.19588
365.899,591.16405,365.899,608.31795,365.899,632.227,365.899,607.97052,365.899,583.0915,365.899,601.56675
364.176,604.9233,364.176,609.69998,364.176,635.40827,364.176,619.19292,364.176,588.95226,364.176,604.00578
362.453,613.13942,362.453,613.72837,362.453,642.44712,362.453,620.25717,362.453,594.8026,362.453,602.70387
360.729,625.60714,360.729,617.26778,360.729,656.74796,360.729,625.88983,360.729,594.25514,360.729,599.5742
359.005,633.49671,359.005,625.48153,359.005,662.54173,359.005,630.47508,359.005,599.84249,359.005,603.00152
357.281,645.72758,357.281,631.93172,357.281,665.45407,357.281,633.34393,357.281,603.73844,357.281,610.58076
355.556,655.86668,355.556,636.02809,355.556,670.69952,355.556,636.14012,355.556,605.11713,355.556,616.80049
353.832,665.11104,353.832,639.96827,353.832,675.2519,353.832,629.3069,353.832,602.71665,353.832,617.9172
352.106,667.27352,352.106,641.66663,352.106,673.47243,352.106,629.89136,352.106,605.11204,352.106,624.63862
350.381,670.49091,350.381,639.14235,350.381,678.85805,350.381,631.30028,350.381,603.8666,350.381,630.97589
348.655,666.94353,348.655,648.81338,348.655,684.15982,348.655,638.97883,348.655,608.55025,348.655,635.59075
346.928,667.48687,346.928,655.4973,346.928,685.55706,346.928,637.78539,346.928,615.22077,346.928,641.14241
345.202,670.83053,345.202,660.29348,345.202,686.17527,345.202,649.25735,345.202,619.49717,345.202,646.17224
343.475,668.31685,343.475,663.30182,343.475,688.0294,343.475,651.16904,343.475,621.82122,343.475,653.73341
341.748,669.20827,341.748,670.61457,341.748,682.53795,341.748,658.99262,341.748,632.80309,341.748,657.68141
340.02,665.65062,340.02,683.79736,340.02,681.41668,340.02,661.65439,340.02,642.44009,340.02,660.09357
338.292,665.18468,338.292,687.19757,338.292,686.54422,338.292,660.31138,338.292,651.93617,338.292,665.77619
336.564,669.22898,336.564,693.16929,336.564,690.75369,336.564,666.50466,336.564,655.07672,336.564,671.15853
334.835,669.64186,334.835,699.91238,334.835,696.79214,334.835,675.05346,334.835,660.3401,334.835,678.66112
333.106,681.15628,333.106,706.27703,333.106,696.9423,333.106,683.31069,333.106,662.62551,333.106,683.50883
331.377,688.4454,331.377,708.034,331.377,701.07809,331.377,694.02929,331.377,663.07299,331.377,684.95695
329.647,697.70592,329.647,711.83668,329.647,706.21994,329.647,703.45681,329.647,668.92642,329.647,684.12168
327.917,705.79022,327.917,720.09222,327.917,715.27567,327.917,711.59953,327.917,665.90482,327.917,682.03915
326.187,710.54471,326.187,725.21203,326.187,722.23622,326.187,715.03172,326.187,662.67948,326.187,684.49937
324.456,718.21004,324.456,730.58436,324.456,724.03392,324.456,717.79369,324.456,666.71311,324.456,686.77869
322.725,730.04998,322.725,729.31436,322.725,729.54286,322.725,714.62009,322.725,672.84922,322.725,695.37146
320.994,731.65052,320.994,731.81789,320.994,733.30773,320.994,713.9933,320.994,671.83939,320.994,695.26305
319.263,729.97679,319.263,731.90517,319.263,740.83532,319.263,712.5266,319.263,675.84626,319.263,697.1323
317.531,734.53215,317.531,733.2024,317.531,747.55819,317.531,719.12817,317.531,679.83979,317.531,697.58952
315.798,735.38976,315.798,731.91261,315.798,761.99315,315.798,714.22494,315.798,681.37806,315.798,697.50024
314.066,738.71125,314.066,741.02997,314.066,767.2222,314.066,718.18718,314.066,686.84032,314.066,695.54925
312.333,741.71974,312.333,743.85663,312.333,775.04488,312.333,721.25024,312.333,695.20819,312.333,693.75164
310.599,743.5292,310.599,738.59262,310.599,774.62499,310.599,725.94542,310.599,697.42263,310.599,698.05299
308.866,743.13077,308.866,746.56888,308.866,776.60977,308.866,720.67763,308.866,699.44516,308.866,701.63021
307.132,748.05478,307.132,747.6679,307.132,777.14173,307.132,726.36875,307.132,704.65556,307.132,702.8603
305.397,746.42976,305.397,748.68353,305.397,782.48578,305.397,723.92336,305.397,711.29551,305.397,700.46392
303.663,751.0211,303.663,744.33438,303.663,783.96757,303.663,725.02225,303.663,715.86159,303.663,704.18197
301.928,753.41035,301.928,744.44862,301.928,782.80069,301.928,735.1515,301.928,712.0307,301.928,712.02229
300.192,756.31854,300.192,744.52943,300.192,779.57985,300.192,740.40819,300.192,709.9005,300.192,713.12095
298.457,761.81562,298.457,747.4207,298.457,781.51574,298.457,743.29523,298.457,711.3537,298.457,714.96275
296.721,762.38001,296.721,747.93901,296.721,786.31022,296.721,752.30271,296.721,702.79885,296.721,716.28087
294.984,763.13549,294.984,749.29289,294.984,781.59392,294.984,750.96881,294.984,700.16101,294.984,725.42884
293.248,761.09067,293.248,750.1985,293.248,782.91208,293.248,749.38216,293.248,695.77641,293.248,729.60826
291.511,757.90343,291.511,747.20458,291.511,779.28936,291.511,745.33697,291.511,694.23269,291.511,734.10669
289.773,755.64516,289.773,748.25172,289.773,774.68389,289.773,742.80899,289.773,695.52342,289.773,735.0087
288.036,753.71626,288.036,747.18065,288.036,767.128,288.036,735.99704,288.036,697.32962,288.036,736.95331
286.298,747.00078,286.298,752.39237,286.298,765.0052,286.298,732.51687,286.298,694.98285,286.298,731.06278
284.559,741.87673,284.559,749.46087,284.559,762.87947,284.559,730.04439,284.559,696.12595,284.559,734.41985
282.82,744.71505,282.82,750.81135,282.82,767.8432,282.82,728.06356,282.82,690.87372,282.82,730.9426
281.081,737.9361,281.081,750.68482,281.081,767.91601,281.081,723.722,281.081,693.94715,281.081,730.59989
279.342,738.80301,279.342,756.86126,279.342,763.2188,279.342,726.11266,279.342,695.35731,279.342,731.42175
277.602,738.83375,277.602,755.83575,277.602,757.99279,277.602,725.30969,277.602,695.10033,277.602,729.18867
275.862,738.28938,275.862,757.353,275.862,749.81829,275.862,722.28695,275.862,685.91908,275.862,730.47131
274.122,734.41443,274.122,760.42359,274.122,752.40414,274.122,718.1508,274.122,684.96375,274.122,732.78822
272.381,735.89054,272.381,754.23771,272.381,750.28623,272.381,718.41191,272.381,687.05154,272.381,727.03387
270.64,732.7351,270.64,756.02914,270.64,748.14666,270.64,713.42168,270.64,696.84016,270.64,726.93284
268.899,731.7984,268.899,751.7418,268.899,745.8,268.899,711.6316,268.899,694.89548,268.899,725.2452
267.157,730.55277,267.157,753.38662,267.157,745.75522,267.157,709.09771,267.157,688.91064,267.157,721.71642
265.415,726.60139,265.415,754.45929,265.415,746.0988,265.415,701.4564,265.415,683.96294,265.415,714.95956
263.672,731.53971,263.672,756.75872,263.672,752.61772,263.672,694.86261,263.672,682.53058,263.672,714.02571
261.93,729.25477,261.93,750.28545,261.93,751.55845,261.93,690.98652,261.93,674.40845,261.93,709.10969
260.186,728.82148,260.186,744.43942,260.186,748.00238,260.186,687.24021,260.186,672.7507,260.186,707.14787
258.443,727.76339,258.443,741.74584,258.443,749.19806,258.443,688.52893,258.443,672.26579,258.443,703.63863
256.699,724.33371,256.699,738.38643,256.699,739.40788,256.699,688.40062,256.699,668.50201,256.699,699.87972
254.955,719.93329,254.955,736.11766,254.955,737.88641,254.955,683.6894,254.955,670.59317,254.955,697.01493
253.211,724.65035,253.211,734.55295,253.211,738.17643,253.211,683.54838,253.211,669.81308,253.211,687.93843
251.466,720.6999,251.466,732.66431,251.466,736.12795,251.466,682.1105,251.466,668.179,251.466,683.92339
249.721,716.75763,249.721,723.57122,249.721,734.01874,249.721,686.98994,249.721,667.65091,249.721,685.90949
247.975,716.28547,247.975,721.27632,247.975,731.51928,247.975,693.31474,247.975,663.0661,247.975,683.18322
246.229,711.15313,246.229,717.15701,246.229,725.4969,246.229,698.45216,246.229,663.99377,246.229,686.45934
244.483,712.52748,244.483,711.98481,244.483,719.95556,244.483,702.44411,244.483,663.40047,244.483,688.01977
242.737,711.71807,242.737,705.80877,242.737,711.89367,242.737,703.19826,242.737,659.35709,242.737,683.44143
240.99,706.15498,240.99,706.70835,240.99,708.28678,240.99,699.93674,240.99,658.64986,240.99,684.17168
239.243,701.4421,239.243,705.48114,239.243,707.47276,239.243,699.9173,239.243,658.51445,239.243,687.25134
237.495,701.63792,237.495,703.44133,237.495,703.69424,237.495,691.18655,237.495,656.61324,237.495,684.58716
235.747,701.34981,235.747,702.78729,235.747,702.32871,235.747,684.25867,235.747,657.10264,235.747,682.61638
233.999,700.37934,233.999,695.98446,233.999,704.01835,233.999,677.15104,233.999,649.46327,233.999,676.28992
232.25,698.58325,232.25,693.7694,232.25,704.40687,232.25,670.0846,232.25,642.91324,232.25,673.69311
230.502,694.5253,230.502,688.92174,230.502,702.43649,230.502,665.0084,230.502,637.33116,230.502,670.33129
228.752,697.77636,228.752,687.23171,228.752,708.61531,228.752,657.87299,228.752,635.34662,228.752,669.64076
227.003,692.3865,227.003,677.70767,227.003,702.00496,227.003,654.00961,227.003,634.40675,227.003,668.0088
225.253,690.61604,225.253,674.1672,225.253,704.86372,225.253,650.12098,225.253,627.85182,225.253,671.23043
223.503,688.39852,223.503,674.17521,223.503,706.35271,223.503,644.44406,223.503,625.92424,223.503,669.85539
221.752,684.08228,221.752,671.75321,221.752,705.12638,221.752,636.83077,221.752,624.97677,221.752,663.92662
220.001,681.79215,220.001,667.24874,220.001,708.20999,220.001,636.84288,220.001,624.90016,220.001,660.07031
218.25,680.34573,218.25,664.97222,218.25,706.19438,218.25,635.75576,218.25,621.16301,218.25,654.63126
216.498,670.39351,216.498,664.28494,216.498,698.5394,216.498,634.25508,216.498,614.37987,216.498,653.83682
214.746,663.55566,214.746,657.78916,214.746,695.89077,214.746,633.53949,214.746,603.62548,214.746,654.09559
212.994,661.55918,212.994,652.60237,212.994,692.51345,212.994,632.64349,212.994,594.18513,212.994,651.50811
211.241,663.79722,211.241,650.68623,211.241,687.29286,211.241,631.78339,211.241,594.97025,211.241,651.1809
209.488,659.6333,209.488,650.38526,209.488,677.93601,209.488,631.17091,209.488,591.03369,209.488,646.51346
207.735,656.21785,207.735,643.66614,207.735,672.81274,207.735,630.31446,207.735,585.31985,207.735,642.66236
205.981,649.89891,205.981,649.45196,205.981,672.4621,205.981,633.74048,205.981,582.17377,205.981,641.40757
204.227,651.85921,204.227,649.96533,204.227,672.03053,204.227,638.27395,204.227,575.10239,204.227,639.46189
202.473,650.93048,202.473,650.96319,202.473,668.39567,202.473,635.94748,202.473,569.13782,202.473,635.53709
200.718,655.71107,200.718,650.08453,200.718,667.11003,200.718,639.86229,200.718,569.40744,200.718,629.93987
198.963,658.81434,198.963,649.10803,198.963,665.92779,198.963,635.88769,198.963,568.22719,198.963,627.74304
197.208,655.86268,197.208,646.61062,197.208,668.86526,197.208,636.91959,197.208,564.34545,197.208,627.96989
195.452,655.63829,195.452,643.51913,195.452,661.74644,195.452,637.68904,195.452,564.94168,195.452,625.66029
193.696,650.19864,193.696,639.07741,193.696,660.42134,193.696,630.78306,193.696,565.99086,193.696,622.01955
191.94,651.10151,191.94,633.6229,191.94,657.35848,191.94,626.34637,191.94,567.90304,191.94,617.02173
190.183,647.27761,190.183,632.16374,190.183,656.65448,190.183,620.98744,190.183,563.43261,190.183,616.69519
188.426,645.42014,188.426,632.12202,188.426,651.95541,188.426,617.07256,188.426,566.75794,188.426,615.16614
186.668,638.94138,186.668,623.82415,186.668,647.67876,186.668,613.27882,186.668,570.94511,186.668,611.34515
184.91,631.51929,184.91,617.983,184.91,645.08684,184.91,612.27947,184.91,570.69417,184.91,611.48625
183.152,623.45526,183.152,614.40421,183.152,637.44755,183.152,602.79348,183.152,569.66424,183.152,610.93626
181.394,617.89837,181.394,612.91847,181.394,637.05297,181.394,595.09343,181.394,567.61456,181.394,606.06238
179.635,615.62213,179.635,605.54497,179.635,633.09795,179.635,586.87248,179.635,557.99993,179.635,599.59381
177.876,615.51673,177.876,601.70678,177.876,622.35712,177.876,582.37386,177.876,554.07581,177.876,597.94184
176.116,613.11253,176.116,598.85671,176.116,612.48724,176.116,582.55186,176.116,556.53955,176.116,594.54239
174.357,600.95793,174.357,587.59772,174.357,605.32996,174.357,578.41365,174.357,550.3048,174.357,590.35164
172.596,594.8256,172.596,582.29643,172.596,605.20302,172.596,576.96424,172.596,544.21955,172.596,587.21724
170.836,587.94485,170.836,582.7306,170.836,605.22404,170.836,573.90743,170.836,542.97318,170.836,581.67337
169.075,585.31522,169.075,575.77341,169.075,595.64831,169.075,569.86382,169.075,540.87235,169.075,577.36142
167.314,581.59166,167.314,571.26543,167.314,588.68811,167.314,561.10418,167.314,531.00208,167.314,569.54608
165.552,577.93024,165.552,557.81974,165.552,584.13319,165.552,550.90156,165.552,524.76133,165.552,557.59443
163.79,567.97087,163.79,549.41123,163.79,577.21389,163.79,544.59344,163.79,513.22718,163.79,541.98354
162.028,555.38328,162.028,539.01794,162.028,566.32147,162.028,540.63678,162.028,502.40615,162.028,530.83381
160.265,546.58417,160.265,525.29151,160.265,547.44344,160.265,531.15132,160.265,491.97147,160.265,518.09278
158.502,530.36825,158.502,508.97316,158.502,537.13286,158.502,519.33483,158.502,483.45541,158.502,506.7156
156.739,521.92765,156.739,491.97248,156.739,523.60154,156.739,508.92984,156.739,470.70335,156.739,497.63025
154.976,509.84965,154.976,476.51871,154.976,507.01676,154.976,492.31581,154.976,456.88867,154.976,488.3373
153.212,498.22371,153.212,459.1931,153.212,490.57123,153.212,477.17577,153.212,444.28479,153.212,475.42358
151.447,482.3572,151.447,444.2915,151.447,473.97139,151.447,456.94344,151.447,428.34719,151.447,458.74758
149.683,467.33306,149.683,429.67916,149.683,457.3647,149.683,439.61855,149.683,410.80214,149.683,442.78965
147.918,448.68097,147.918,414.51468,147.918,436.50371,147.918,419.86659,147.918,395.36331,147.918,422.82431
146.152,432.4426,146.152,397.1518,146.152,420.21191,146.152,397.31774,146.152,373.38141,146.152,401.39719
144.387,416.55749,144.387,374.2626,144.387,392.8868,144.387,377.65389,144.387,350.07229,144.387,379.91254
142.62,394.60653,142.62,351.35875,142.62,369.42789,142.62,353.49205,142.62,329.31722,142.62,362.35414
140.854,372.20072,140.854,325.46802,140.854,347.81516,140.854,332.74902,140.854,305.63457,140.854,341.92294
139.087,347.42028,139.087,296.94178,139.087,326.67457,139.087,307.7056,139.087,276.94589,139.087,319.77233
137.32,326.42728,137.32,274.12013,137.32,302.8443,137.32,284.21566,137.32,252.63466,137.32,296.91229
135.553,301.97818,135.553,238.24829,135.553,277.30277,135.553,257.60592,135.553,216.7031,135.553,268.74475
133.785,280.22392,133.785,208.46639,133.785,251.96224,133.785,235.2723,133.785,184.38051,133.785,241.85404
132.017,257.64238,132.017,191.26055,132.017,234.54795,132.017,214.99622,132.017,169.16648,132.017,214.24327
130.248,231.95685,130.248,182.16513,130.248,215.82856,130.248,198.75595,130.248,164.68508,130.248,191.60193
128.48,204.01897,128.48,173.05518,128.48,194.40196,128.48,184.56377,128.48,156.38429,128.48,168.20284
126.711,173.2065,126.711,159.9145,126.711,169.85151,126.711,160.65197,126.711,144.25979,126.711,149.11558
124.941,122.59982,124.941,117.07035,124.941,122.87187,124.941,114.34627,124.941,105.27702,124.941,107.49516
123.171,28.89622,123.171,28.46428,123.171,34.10923,123.171,32.00075,123.171,28.97206,123.171,29.17087
121.401,-30.37232,121.401,-29.91832,121.401,-35.85162,121.401,-33.63544,121.401,-30.45204,121.401,-30.661
119.63,-41.58326,119.63,-31.55273,119.63,-44.43078,119.63,-46.48394,119.63,-32.23688,119.63,-39.59566
117.86,12.19799,117.86,25.51578,117.86,12.68063,117.86,7.86078,117.86,21.25302,117.86,13.1752
116.088,87.61752,116.088,103.51964,116.088,92.04059,116.088,83.57094,116.088,94.16326,116.088,86.55617
114.317,184.67291,114.317,202.45668,114.317,193.64675,114.317,180.6445,114.317,186.49206,114.317,180.545
112.545,303.36577,112.545,322.32834,112.545,317.50067,112.545,299.08283,112.545,298.2406,112.545,295.1432
110.772,443.6961,110.772,463.13463,110.772,463.60236,110.772,438.88592,110.772,429.40889,110.772,430.35075
109,605.66228,109,624.87409,109,631.95024,109,600.05242,109,579.99574,109,586.16617
107.227,789.26593,107.227,807.54818,107.227,822.54589,107.227,782.58369,107.227,750.00233,107.227,762.59094
105.454,994.50625,105.454,1011.15616,105.454,1035.38852,105.454,986.47904,105.454,939.42807,105.454,959.62433
103.68,1221.38403,103.68,1235.69878,103.68,1270.47892,103.68,1211.73916,103.68,1148.27356,103.68,1177.26708
101.906,1469.89848,101.906,1481.17529,101.906,1527.81629,101.906,1458.36336,101.906,1376.5382,101.906,1415.51844
"--","--","--","--","--","--",,,,,,
"--","--","--","--","--","--",,,,,,
"--","--","--","--","--","--",,,,,,
"--","--","--","--","--","--",,,,,,
"--","--","--","--","--","--",,,,,,
"--","--","--","--","--","--",,,,,,
"--","--","--","--","--","--",,,,,,
"--","--","--","--","--","--",,,,,,
"--","--","--","--","--","--",,,,,,
"--","--","--","--","--","--",,,,,,
"--","--","--","--","--","--",,,,,,
"--","--","--","--","--","--",,,,,,
"--","--","--","--","--","--",,,,,,
"--","--","--","--","--","--",,,,,,
"--","--","--","--","--","--",,,,,,
"--","--","--","--","--","--",,,,,,
"--","--","--","--","--","--",,,,,,
"--","--","--","--","--","--",,,,,,
"--","--",,,"--","--",,,,,,
"--","--",,,"--","--",,,,,,
"--","--",,,"--","--",,,,,,
"--","--",,,"--","--",,,,,,
"--","--",,,"--","--",,,,,,
"--","--",,,"--","--",,,,,,
"--","--",,,"--","--",,,,,,
"--","--",,,"--","--",,,,,,
